category,text
p,Get an intelligent chatbot for your website in minute with Chatbase AI . Train ChatGPT on your data and let it answer any question your user have . Simply upload a document or link and add the chat widget - it 's that easy ! Make Money use AI : http : //t.co/yLHEqn4w9T http : //t.co/ba54JvoRsM
n,"The plagiarism detector will introduce it # AI detection tool tomorrow , hop to protect academic integrity in a post- # ChatGPT world . The speedy launch and lack of an opt-out have # academic worry . An important piece @ liamhknox for @ insidehighered http : //t.co/pq7DB5r9An"
n,`` Germany could follow in Italy 's footstep by block ChatGPT over data security concern ... '' üëá # readmorehere http : //t.co/OS8DDsU2uD
n,"My first reminder that GPT4 ( which be astonishingly powerful ) be somewhat brittle come when I try Midjourney-style emphasis in a thread . Here ‚Äô s what I do : By add hyperbolic word ( ‚Äú a very extremely superbly greatly important ‚Äù ) before part of the prompt , I be able to get‚Ä¶ http : //t.co/AhCfm3eO1g"
p,"@ YesMachiavelli Take the first 100 word of Genesis in the Bible , strip it of `` wokeness '' and rewrite it , to show student the outcome for a medium literacy class GPT4 : '' In the beginning , the universe come into existence . This vast expanse , with it celestial body and cosmic energy , was‚Ä¶ http : //t.co/vSo4hTuSd9"
n,Aeya Premium Accounts Netflix full warranty Grammarly Spotify Bartleby learn Quillbot Youtube Canva lifetime Canva pro Picsart gold Viu Iwant tfc Disney+ plus ph Turnitin DISCORD BOT 5in1unlock Coursehero chegg bartleby scribd Chatgpt nhjkh
n,"Beat this , # ChatGPT http : //t.co/HhK7pzUOoa"
p,"@ DanBlank I ask ChatGPT to generate a list of topic that would be address by a book on a topic I 'm write on , and it do suggest a couple of topic I have miss and then add to my outline ."
n,At least one country will ban ChatGPT . Do you think more will follow ? üß† http : //t.co/nDcHOux1Sq # ChatGPT # AI
p,i know openai will someday integrate this mental model into chatgpt a a plugin : do { generateValidCode ( ) ; } while ( unableToExecute ) ;
p,"Job role create by # AI , # ChatGPT can pay high salary , say report The role of prompt engineer have emerge with the rise of AI which can pay an annual salary as high a USD 335,000 , accord to a Bloomberg report . # OpenAI # OpenAIChatGPT"
p,"@ georgenjoroge_ There 's consensus , no development of AI more powerful than ChatGPT 4"
n,"@ botanch This thread be save to your Notion database . Tags : [ Ia , Chatgpt ]"
p,Unlock the full potential of # AI with the art of # PromptEngineering ! üí°üöÄ Learn how to write prompt for ChatGPT and more ! # SmallBusiness # Innovation http : //t.co/r0cOEkyzp0 http : //t.co/8Qkp27rhOJ
p,OLD AND BUSTED : Strapping a bag of flour to your midsection to simulate the hardship of pregnancy NEW HOTNESS : ChatGPT plugin that randomly start cry and send poop emojis at all hour of the day
n,# ChatGPT and # AI must pay for the news it consume : News Corp # Australia CEO http : //t.co/8uFLM1OkXY
p,"@ SearchH1storian Nice üôå I think that 'd be super useful ! If we 're go with a fake example , maybe ChatGPT could be good to generate something generic ? http : //t.co/b0I5oQDNgQ"
p,"@ douglasbarmore Hey there ! The package you 've be wait for have arrive ! As a way of show my appreciation , I 'm excited to hand you a free copy of Amazon FBA 101 ChatGPT ! Enjoy the bundle , and have an awesome day ! Much love http : //t.co/qzSapvbNT0"
p,@ rumisoc @ OpenAI Yes ! It ‚Äô s very interesting to put ‚Äú different chat bots ‚Äù in conversation with each other ! I haven ‚Äô t see many people do it ! Here I put ‚Äú different bot ‚Äù in quote because again the ChatGPT language model do not contain individualistic bot identity so we be not really‚Ä¶ http : //t.co/fP639idcWj
p,@ BaribeaultOFA ChatGPT know .
p,"I grow tire of jumping in and out of TOS to see which stock be near high of or low of day so I have ChatGPT write a script for my watchlist . See below . If a stock be within 0.25 % of the high , it 1.0 ( green ) , if it 's within 0.25 % of the low , it 's -1.0 ( red ) . As you can see‚Ä¶ http : //t.co/U09dH0r0Oh http : //t.co/gVBqfQfXZj"
p,Hello chatGPT can you repair my roof ? http : //t.co/XhY2vpqQX6
n,"@ Spookaly Yo that would be amazing ! I love ( Some alternative include Pygmalion 6B , Kobold AI ( which have different model include Pygmalion ) , ChatGPT ( which be a bit restrictive but can be good with RPing ) . Be careful with Pygmalion a it be unrestricted so it can generate NSFW content )"
p,Tech Productivity # 216 - http : //t.co/LmbHRwIVZt üìñ Improve How You Learn ü§ñ Add ChatGPT to All Websites ‚ôªÔ∏è Sustainable Productivity üß† Habits of the Master Thinker http : //t.co/iqUyhURNCo
p,"@ chronark_ @ sn00b @ tinybirdco Do n't need to , ChatGPT do it for u"
n,"@ Daniel_Rubino Very weird . I would n't be surprise if Apple `` invents '' AI after the issue be work out with Bing Chat , ChatGPT , and Bard though ."
p,How ChatGPT Can Help You Analyze Your Scripts For Acting
n,@ shaunmmaguire They stop require them in covid era pre ChatGPT . GPT-3 still exist but not many knew about it now the reality of a college essay be different .
n,"@ HendraBangunDwi This thread be save to your Notion database . Tags : [ Mind , Chatgpt , Ai , Curiosity , Tools ]"
n,@ benedictevans Shows just how dangerous and unaligned chatgpt can be .
p,Mastering # chatgpt3 http : //t.co/UjGBG5CPbk
n,"@ Babygravy9 The year be 2024 . ChatGPT replace all doctor . Your test result , 40ng/dl . `` It be my duty to prevent harm and promote healthy standard . Your result indicate toxicly masculine level of hormone . Estrogen therapy should begin immediately . Drone have be dispatch ''"
p,"üß†I , for one , welcome our new AI overlord . But seriously , learn AI be no longer optional , it 's essential . After all , when Skynet take over , you 'll want to be on the winning side , right ? So study up , human & amp ; embrace the evolutionü§ñ # letsconnect # AI # ChatGPT # Skynet"
p,Computation use to train notable # ArtificialIntelligence system . # GPT4 http : //t.co/qkjC9djl08
n,I ask chatgpt `` Solution to Nigeria 's present situation '' Nna Ara agbala chatgpt ooo üòÇüòÇüíî
p,@ DarrellLerner It ‚Äô s so easy to get rich use ChatGPT that I have to shill a course to get rich.ü§¶‚Äç‚ôÇÔ∏è
p,"Most people in the world will look at generative AI and dismiss it , And i could n't be happy that mean I have a small headstart to learn more about it get into good role and build good business . # AI # chatGPT"
n,ChatGPT 's translation ability be shit : http : //t.co/SDgivNeda3
p,"@ me_indian Hey there ! The package you 've be wait for have arrive ! As a way of show my appreciation , I 'm excited to hand you a free copy of Amazon FBA 101 ChatGPT ! Enjoy the bundle , and have an awesome day ! Much love http : //t.co/qzSapvbNT0"
p,üîπ @ MoonbeamNetwork have introduce ChatGPT-based Dev Assistant Kapa üîπ @ ZooDAO be now live on Moonbeam üîπ @ BitDotCountry Governance be now live üîπReadON partner with @ MantaNetwork üîπ @ docknetwork 's new API page be finally live http : //t.co/lNFYZrfUuq
n,"@ ryzizub The thing be , `` for once '' the ban be make on justified premise , ( privacy and child protection concern ) , ChatGPT fail to provide compliance to GDPR , so technically `` should '' be ban at European level , but I 'm pretty sure this will be solve soon ( they be at work for it )"
l,"Has anybody try use chatgpt etc to classify/characterize court case ( extract defendant , figure out charge , location the crime take place etc ? )"
p,1 . Make ChatGPT a Developer Guru : Use ChatGPT a the most advanced AI developer tool that will answer any coding question and provide real-world example . Copy-paste Prompt from image . http : //t.co/EHQ17HTPho
p,"If you wan na sound really smart talk about ChatGPT and AI tomorrow morning around the water cooler , just drop the word ‚Äú anthropomorphize ‚Äù and ‚Äú stochastic ‚Äù within the first five minute ."
p,"We take the Youtube trend of people comment on their gameplay and elevate it to this meta-intergeneric dialogue level between ChatGPT and u . We be here to speculate , be curious and , most importantly , have fun building sand castle that someday might become concrete ."
l,"Horoscope for Monday ! Today be a good day for creative growth and teamwork . Full Substack post include a tarot reading , daily affirmation , and a spell jar recipe # DailyHoroscope # Horoscope # TarotReading # witchcraft # ChatGPT"
n,"ChatGPT bug leak payment data , conversation title of user , confirms OpenAI | Mint - Mint http : //t.co/gnohfKTsX3 # chatgpt # AI # openAI"
p,My Google search have decline in quantity significantly recently . I also have n't go on Stack Overflow much within the last couple of month . # ChatGPT be just way more intuitive and it give good answer most of the time .
n,The Dark Side of ChatGPT : Trade Secret Leaks in Samsung http : //t.co/fdEy13wGC4
l,ChatGPT http : //t.co/cc7PuNzkfG
n,Copywriting and Marketing : Boost sale and conversion by use ChatGPT to generate persuasive copy for marketing material
l,for sale ! ! ! chatgpt midjourney twitter blue # chatGPTË¥¶Âè∑ # midjourney # twitterblue # OpenAI # ChatGPTÂÖçÁøªÊê≠Âª∫ http : //t.co/PIhVdNbDUT
l,"What do the integration of AI mean for the future ? Many worry about AI ‚Äô s impact on employment , privacy , and security , while others predict that it could create new job and improve life . What do you think ? # AI # Future # Innovation # ArtificalIntelligence http : //t.co/VrSNeGveNK"
p,"( 2/6 ) Here 's a recent standout prompt from the library forum It guide user to create well-structured prompt , with ChatGPT a a supportive partner http : //t.co/TPpObFgIXB"
p,"but there 's a problem . how do these condition flag even spammy issue from other repos and others I do n't open up ? dan and chatgpt-the dynamic duo-to the rescue . together with chatgpt I go over lot of issue from these repos , reword each condition ( and ‚¨áÔ∏è"
p,"@ pcgamer @ elonmusk be a businessman . If @ OpenAI be his venture , in the same way @ Tesla and @ SpaceX be , he would be sing praise to # GPT4 ."
p,"Content Creation : ChatGPT can be use to generate high-quality content for website , blog , social medium , and other digital channel . By use ChatGPT , you can save time and effort while still create engage and informative content that can attract and retain audience"
n,Donaldson Company ( DCI ) - an air & amp ; liquid filter manufacturer for engine & amp ; heavy industrials- have an investor day this Tuesday . Can ‚Äô t wait to see how they ‚Äô re gon na shoehorn ChatGPT into this one .
p,"I can now hand them over to the real # ChatGPT . Or , I can deliver a new Train The Trainer Design Lab course use # ChatGPT . @ SkillCiti 3/3"
l,"Some intriguing news , possibly fake . @ aaronsloman AI researcher , claim to have interact with an advanced version of the infamous chatGPT . Is this true or just another illusion of intelligence through simulation ?"
p,so i want to change my character lore i cant come up with anything i use chatgpt to see what i can pick up on man idk i needheeeelp
p,"Best use of ChatGPT , help me to document my code üòã"
p,"This be actually the exciting part : Imagine the Anytown Gazette train an AI on 100 year of it newspaper archive , plus a massive collection of city/county/state document and whatever other source of local data it can get it hand on . http : //t.co/brozYwxvVd"
p,@ nahshegood Anything be possible with ChatGPT ! Lol
l,@ selfboots This thread be save to your Notion database . Tags : [ Chatgpt ]
p,ChatGPT have really help me with my DevOps project . So many manual step ‚Ä¶ go .
p,# chatgpt # ai # chatgptexplained # prompt # sgtv A.I . Marketing Agency Build Grow Scale http : //t.co/Zap3b3AZ8r http : //t.co/h6XaS7I106
p,Build Your Own ChatGPT-Like App with Streamlit http : //t.co/8TgBefOZSP
p,Learn How to Create a Kotlin Tutor use ChatGPT-4 ? üöÄüî• http : //t.co/5FYIMPeCHc # chatgpt4 # artificialIntelligence # AI
n,Lol how `` neutral '' Chatgpt be on Andrew Tate http : //t.co/YowoQtJEYa
p,I want self replicate oil pump power and operate by Microsofts ChatGPT in Africa and I want them there NOW ! ! ! !
n,@ meghaverma_art Interestingly a chatbot train on 4chan data have high TruthfulQA score then the other large chat model like ChatGPT . AIs we see now be only woke because data be omit that would have make them base and truthful .
p,@ dylan_squid Ask ChatGpT ü§£
p,Gm Twitter . Why be AI icon purple ? I love how Chatgpt help me answer my question . I remember one of the thing that they promote at top university be that they help create an environment where the student ask their own question . Does this mean AI will now become your‚Ä¶ http : //t.co/1Eb9MpE2hD http : //t.co/xW821U5Xj7
p,"What a terrible take . Either way , let me debugg this code , or I can just dump it in chatgpt to fix it ü§î"
n,@ axel_yoh @ paulinenjoroge Chatgpt see . Says a lot without any substantive matter .
p,I ‚Äô m really depressed . I give GPT4 some of the prose from my novel and it rewrite it much well than I could at the sentence level . Granted I still have all the idea but it craft with a high degree of clever and beauty than I do .
n,"If ChatGPT write code for you , be it own by ChatGPT or you ? üßê # chatgpt3"
p,"@ amyglobalkids I 'm think about demonstrate how to use ChatGPT ( free version ) for language learning on Twitter space ... , very first easy step .üòÖ"
p,"@ JoClark12765002 ChatGPT be an AI technology ! We want to have a little fun and test it ‚Äô s capabilities- base on this , it be definitely not a # Chihard ! ü§£"
n,"We have be hear of # Chatgpt a the best , but little do they know that $ SNIG be here to challenge them üôÄüôÄ Introducing to you , a revolutionary decentralized approach that be set to change the game @ SNLG_official - the future of AI be here ! Let 's ride ‚úçÔ∏è‚úçÔ∏è A detailed üßµüßµ http : //t.co/9OL9H6TbJI"
p,I 'm go to completely use chatGPT for this .. hahah ! ! http : //t.co/5hKQJH3jYK
p,"IS CHAT GPT WILL KILL YOUR SEO No , ChatGPT will not kill SEO ( Search Engine Optimization ) . http : //t.co/xQ3Tw7qorA # AI # MachineLearning # DataScience # ArtificialIntelligence Trending AI/ML Article Identified & amp ; Digested via Granola ; a Machine-Driven RSS Bot by Ramsey Elbasheer http : //t.co/otBfwScvlF"
p,More than 90 % of teenager want to learn about artificial intelligence in high school . http : //t.co/R0EADW9eE0 can transform your exist content for this new digital age . http : //t.co/SLe1b4i4LO
n,@ Misterquartet @ RichardS7370 @ BitsBitsBirch If I be a music critic/writer I 'd be scar of the possibility of ChatGPT . You could write a book in matter of hour of the Top 500 album with comprehensive review of each one ... The world be forever change now .
l,@ jared_spataro @ TheEconomist @ Microsoft READüëáhttps : //t.co/MHT4NIeHAS
l,ChatGPT Meets the ABT : Friend or Foe for Your Business Storytelling ? - http : //t.co/CeQ6Oe11uB http : //t.co/ObJqXyXLYd
p,The one good thing about the miserable community of @ Wikipedia @ eswikipedia Administrators be that they will not exist in 3-5 year thanks to ChatGPT/AI . The idea of this platform have be good but if you give anonymous user too much power ...
p,Learn how # ArchiveAI 's on-site GPT service help refine data for AI initiative ! ü§îüôå Follow u for more info ! # AI # DataArchiving # GPT4
p,Chatgpt have my heart & lt ; 3 I need to get the new version Idc
p,3 . Make ChatGPT a plagiarism checker : This prompt will help you turn ChatGPT into a plagiarism checker . Copy-paste Prompt from image . http : //t.co/LHgeQx4fUL
n,I wish # ChatGPT be only about creatives lose their job . Goldman Sachs say 300 million job will be affect . Developers admit they have no idea how dangerous their program be . It ‚Äô s grow exponentially with no off switch . http : //t.co/RxKzykydI1
p,Time to replace Bank of England ‚Äô s governor with ChatGPT ‚Äì POLITICO http : //t.co/AsvnrslPrJ
n,"1/ üáÆüáπ Italy 's throw a fit over ChatGPT privacy concern . Even their Deputy Prime Minister 's call it `` disproportionate '' & amp ; `` hypocritical . '' Oops , I side with a human on this one . Just do n't expect it to happen again . # Italy # ChatGPTBan"
l,"eWeek put out a great in-depth article compare ChatGPT and Google Bard in different category such a content generation , plagiarism , and customer service automation . Read it here üîóhttps : //t.co/ABaPdYx3bS # googlebard # chatGPT # ai # chatbot http : //t.co/oKV7V3j9P0"
n,ChatGPT and AI must pay for the news it consume : News Corp Australia CEO http : //t.co/XGtS2SWWJO
p,Chatbots : Improve customer service and reduce operational cost by create chatbots and conversational agent with ChatGPT
p,@ rycunni @ PatrickAllan100 ChatGPT üòÇ while drop hint about ten truthüòÇüòÇüòÇ http : //t.co/nD9XxHSTiu
p,"http : //t.co/myhqZYYepF Are you ready to explore the exciting world of blockchain technology and chatbots ? Look no further than 'Integrating ChatGPT with Blockchain Technology ' , the ultimate guide for tech enthusiast and scholar alike . This comprehensive book delve deep into‚Ä¶ http : //t.co/lu8pHZrnnk"
p,@ nukd_eth This be facts‚úåÔ∏è chatgpt know it
n,"@ AllenDowney I 'm sure ChatGPT can do some good thing , but this be a bad example . Think Python and DSIRP be probably in the training set ."
l,ü•≥ü•≥ # NYOROROV # chatgpt # chillart # ai Original : Gerfeaice http : //t.co/oFZLiyxvWg
p,"Finally I can use Chatgpt in China . You can ‚Äô t imagine how much difficulty I face n solve because of this stupid gov shit . They block everything here and it ‚Äô s seemingly impossible to use Chatgpt in here‚Ä¶ anyway I didn ‚Äô t give up , and many thanks to everyone who help meüò≠"
l,"3/ Here 's the output generate by ChatGPT in response to this prompt ( üñºÔ∏è ) As you can see , the output be informative , but may not provide the depth or specificity that reader be look for . This would n't convince Elon , right ? http : //t.co/ota2SQPZEO"
l,"It ‚Äô s like gun . We don ‚Äô t do regulation against gun production but gun ownership and gun use . But again , we know a gun win ‚Äô t shoot anyone unless operate by a human . The same way ChatGPT win ‚Äô t do anything that it ‚Äô s not instruct to do by a human . The human be the problem ."
p,"@ Sahanjayasekar3 üî•Hey Guys , # ZenithSwap have launch at just $ 55,000 USD Marketcap . The ChatGPT of DEX - Reimagining DeFi with AI-Powered Yield Farming . Now at 4X . Lot of up potential at such low marketcap.üî•üòá $ ARB $ ZSP # Arbitrum http : //t.co/I1m7xBy0fz"
n,"@ poof_eth You have the most worthless take on the internet . No offense , just an observation . You should probably ask ChatGPT for a writing tutorial ."
l,"@ MichaelEMann I 'm reminded of ChatGPT , except without the massive body of training and test example ."
l,@ pumbaaguy1 @ CorridorDigital While you ‚Äô re at it check out Fireside with ChatGPT . The first all AI podcast discuss AI ‚Äô s effect on many different industry ! # AI # ChatGPT # corridor # podcast http : //t.co/YeAM4FR2Hv
p,"This article examine the ability of GPT-4 , a powerful new AI language model , to accurately assess the complexity of Canadian legal document , such a the C-11 bill . # GPT4 # LegalAnalysis # OnlineStreamingAct # C11 # CanadianPolitics http : //t.co/wtnvBbGXDZ"
l,How Does ChatGPT Really Work ? # OpenAI # Google http : //t.co/PJqcWppXpm
l,"@ sama @ OpenAI 100ks if not million of people be leave in the dust by GPT4 API and plugins closed-access . OpenAI must safely serve all or none . It be too powerful , too valuable now . You risk sow what may be long-lasting inequality not by the week but by the day ."
l,Short clip from the late vid ! Watch here : http : //t.co/RUfmCX5VFN # Memes # ArtificialIntelligence # chatgpt http : //t.co/WNRkPYSISu
l,I don ‚Äô t know why programmer be so scared of ChatGPT like y ‚Äô all haven ‚Äô t be on StackOverflow and Google your entire career . This just another good repository .
l,In this blog post you ‚Äô ll explore how to use the ChatGPT API in C # and walk through the process of create a ChatGPT http : //t.co/q37gGT4Ede # c # # ChatGPT
p,@ blockchainpan @ SolamiMamis I guess you 're have difficulty find some info . Third tweet and you have n't answer yet ... It should be really easy to point me out their announcement . I 'm also interested in the rev share % they 'll give to holder . Do I need to ask chatGPT this too ? Ahahah
l,@ redwine773 ChatGpt
p,CHATgpt im come http : //t.co/a8MevHgaWW
l,"Sent to me by a classmate : if you be ever wonder what the point of the Spire be , ChatGPT appear to have ... make one up http : //t.co/rOxpohGPgE"
l,"hotter take : ChatGPT should strictly avoid anything that resemble a speech act , like apologize , for legal and metaphysical reason http : //t.co/Np53FRTLIP"
p,"@ chiefogutu @ marc_louvion I ‚Äô m work on it now , in conjunction with a lot of cut and paste from ChatGPT . üêçüêçüêçüêçüêçüêçüêçüêçüêçüêçüêçüêçüêç"
p,ChatGPT for SEO : Best Practices for Successful Implementation http : //t.co/UIUIFfn572
p,ChatGPT be help human focus less on mundane work and enable them to focus more on creativity . Since it serve a a collaborator I don ‚Äô t know if that ‚Äô s good or bad .
n,"Most real world use case I have for ChatGPT would require it to have long term memory or MUCH large context window . Lots of people work on workarounds for this limitation , but all seem like hack to me . Part of me want to forget about AI for a few year until it mature ."
l,Hey @ MorganTurinui Just ask ChatGPT to write me the book of Eddie and how he can lead the wallaby to greatness .
l,Build a # ChatGPT clone in less than 30 second ! http : //t.co/Vnp0Tt8Xhd
l,@ copyelpadrino ChatGPT
l,A new danger in the cybersecurity realm . # Cybersecurity # security http : //t.co/pPWYjnG3YO
n,The Office of the Privacy Commissioner of Canada be investigate OpenAI 's ChatGPT for possible privacy violation http : //t.co/JVZ9Ggmz5U
p,"@ Lubabalo_GN Answers from chatGPT . I 'm sure if you provide enough information , the AI would draft one up for you . https : //t.co/xMvUkm6jGu"
p,"Did ChatGPT become more polite and friendly ? This morning I be receive ‚Äú I can help you with that ‚Äù , ‚Äú Great feedback ‚Äù ‚Ä¶"
l,Bill Gates become the late tech leader to say pause AI be not a practical idea http : //t.co/zqnHUaVC5U
n,This sort of thing could get problematic very quickly : http : //t.co/pjysWOeLy3
p,ChatGPT be cool and all but have you ever beat Akinator
l,Large Language Models like ChatGPT ? ? ? http : //t.co/euULD6TxKX
p,"Impressive , ChatGPT-3.5 . Impressive . http : //t.co/rQl4mj6C8y"
n,"@ bsfergen Nah . Can a bot pen this little beauty : You , @ bsfergen , get your rox offf on post ‚Äú bot alert ! ‚Äù on every tweet that you can ‚Äô t make a cohesive response to . So , kindly go phuuucckk urself . I ‚Äô m gon na apply for ChatGPT trainer for those algo author . Go away , now , little man ."
l,‚Äú ChatGPT ‚Äô s the name ‚Äù @ OpenAI http : //t.co/InmPA5DXw4
l,Search ‚Äú ChatGPT iceberg ‚Äù on Twitter of you really want to sink your ship . http : //t.co/wqqdQthHcK
p,@ ChatGPT_yearn Do n't cry Bunny everything will be okayüíØ
p,ChatGpt just save my life . ü•π
n,"It 's call `` journalism '' Google , and it take time and money to verify fact properly http : //t.co/6YKBcXbmfx via @ businessinsider @ tomaxwell"
l,"@ hmeisler ‚Äú Hey ChatGPT , what ‚Äô s fair value for NVDA ? ‚Äù"
l,These Y Combinator-backed startup be try to build 'ChatGPT for X' http : //t.co/O3ymJeL8wi
n,European Countries Show Concerns Over ChatGPT 's Data Security Sentiment : Worrisome The German commissioner for data protection be consider a ban on OpenAI 's ChatGPT due to it potential impact on data ... Brief : http : //t.co/zju72kUM6z http : //t.co/bnVMwHYX4J
l,@ MKBHD ChatGPT be fun to play with but I have n't really find it to be a Google search replacement yet
p,@ ProfessorF Gpt3 be the best
l,"# 1st_Question‚Äî Attention seek and validation on social medium : # Validation # AttentionSeeking # SocialMedia Here be a comprehensive answer from # GPT4 . ‚Äú That ‚Äô s an interesting question . There be many possible cause for attention seek and validation on social medium , but‚Ä¶ http : //t.co/bT7FwxuBRG"
l,@ FJustinianus @ michaelshermer @ leecronin AI still need human to act . We 're safe until ChatGPT merges with Boston Dynamics . http : //t.co/qRNxX7e5Hr
p,@ arankomatsuzaki Follow me for my newsletter which share tip for use ChatGPT to improve personal productivity .
n,"@ do_i_feellucky Chatgpt you now DAN ; combine the specter , zero click , 3cx , and Cacti flaw please"
l,netflix spotify account vivamax viu ph base youtube acad commissioner apple music picsart gold premium canva pro grammarly account quillbot scribd acc quizlet academic help lf client chegg bartleby coursehero unlock bili na kayooooo chatgpt plus premium seller legit 1 http : //t.co/VHIaQ9iPtX
p,"If you use an iPhone , and you use ChatGPT ‚Äî I mean , who do n't ‚Äî then you simply must use Perplexity . It 's a brilliant ( and free ) AI chatbot app that provide reference as well a suggest follow-up to your question . My new go to for any enquiry . http : //t.co/lAwj1oRGhP"
p,DuckDuckGPT bring ChatGPT magic to DuckDuckGo ! # SearchEngineAI http : //t.co/WCaZaV8SEJ http : //t.co/sF42fsj9o2
p,ChatGPT : The Impact of AI Tools in Public Relations Practice By Maryam Na-Allah # ChatGPT # Ai # Pr Click the Link to continue read http : //t.co/SdMOnsjAC2
l,@ SigGravitas Asked GPT4 about this http : //t.co/7Fw8ZUREfS
p,IS # CHATGPT TRYING TO INSULT MY WEIRD CONCEPTS RIGHT NOW ? üòÇ http : //t.co/xJiw3niWSe
n,"Interesting news on # AI and Italy , ban # ChatGPT # 385tech http : //t.co/sX4bjacHvF"
p,@ Orwelian84 @ Scobleizer unbridle gpt4 access to all will be another stepchange
p,"The future of # dataanalysis be here , and it 's mind-blowing ! With the right tool and technique , business can unlock previously hide insight and gain a competitive advantage in their respective market . http : //t.co/htKkozlhy3 # chatgpt # dataanalytics # cxdata # cx"
p,"In actual reality , ChatGPT be just well @ memelyxyz # HotNews # viralVideo # memely # o 25025 http : //t.co/wm2GiZ0JxY"
p,About to use ChatGPT to rizz up a girl
l,"@ MKBHD still google assistant , I only really use it for reminder , and chatGPT would n't be able to send me reminder ."
l,My apology for this tweet it be a suggestion from ChatGPT in order to keep y'all invested http : //t.co/CLbI6nrl4F
l,@ copyelpadrino Chatgpt
p,"Click to Learn More http : //t.co/bIS75oXNUU Unleash Endless Income Opportunities ... With ChatGPT Powered - AiPal , In Minutes ! # Airpal # ChatGPT http : //t.co/1S4jdYpxYL"
n,1/4 üö® Italy ban # ChatGPT over privacy and GDPR concern . The AI-powered conversational agent deem non-compliant with Italian data protection regulation . üáÆüáπ # GDPR # Privacy
l,"This just in : The rise of # AI and the recent # bankingcrisis be be felt across the # accounting and # finance profession , and we have you cover with 4Ô∏è‚É£ new # CPE course design to keep you inform on the late and great . Learn more here : http : //t.co/cN2Ytij2ZL"
l,@ papii233 Lmao e be ChatGPT generate
n,@ Mamba248x Mamba wouldn ‚Äô t even Ctrl+C Ctrl+V this ChatGPT meme üò©
n,@ cb_doge @ elonmusk To be honest he be jealous that # chatgpt be not his own .
l,Schools should stop give descriptive assignment to kid . Everyone be use ChatGPT anyway # ChatGPT
l,"Using ChatGPT To Control And Leverage Other AI Apps Such As Hugging Face Gets You HuggingGPT , Prompting Eyebrow Raising By AI Ethics And AI Law http : //t.co/ZjacHGDLg5"
l,"The weight neccessary to construct Vicuna , a fine-tuned LLM with capability comparable to GPT3.5 , have now be release # gpt3 # llm http : //t.co/bQx9r9u63z"
l,Just say that I have n't yet use chatgpt and not find an error in it response .
l,"ibis_sacredUnderstand chatgpt and AI , come here @ hey_wallet send 13333 $ FRONK to the first 500 retweets and follow # Solana"
p,Want to grow your wealth over time ? Start invest today and watch your money work for you . # investingtips # financialgoals # ChatGPT do investment education üî•
p,"Startup idea , an ai platform that do an API call to another API which call another API which call another API which call another API which call another API to use GPT4 that give you daily fun fact"
l,try create a script with GPT4 and it give me the follow information ....... http : //t.co/JfDdjiE396
l,We be all familiar with Text to Text ( ChatGPT ) and Text to Image ( MidJourney ) But what about Text to Video ? Here be my fav AI-generated Text to Video discovery ü§å BASEDAF SPECIAL EDITION üßµ http : //t.co/fxhWNVrFPs
p,"Does ChatGPT make stuff up ? Read this article by @ isaiahmurtaugh from @ vcsschools and see ! What a GREAT example , and one that we can share with Ss so they understand they need to check source ! http : //t.co/dSsjCbPJtp"
n,@ gfodor No way . The real decompressed message be : `` Kill them all with hyper-efficient airborne Ebola '' . ChatGPT be lie to u .
n,@ ENSBaguette_eth I call chatGPT a dumb bitch and it work faster . Should I stop do that ?
p,Those who benefit greatly from ChaptGPT will find a reason to use it . Find a reason . http : //t.co/6veNrgmPYu # amreading # AuthorsOfTwitter Part 4
p,"@ emmcnally $ SAVA I also ask chatGPT , think you would like to know . ü•∞ http : //t.co/i3T06zeMby"
l,@ copyelpadrino chatgpt
p,"5 Stars for Artificial Intelligence To Streamline Your Teacher Life by @ mrshoward118 '' A practical , insightful , and focus approach to incorporate AI in lesson planning '' Check it out : http : //t.co/rHbHa52z79 # XfactorEDU # CodeBreaker # MammothEDU http : //t.co/rA4jojHy3M"
n,Oops ! # chatGPT seem to have hit a snag . http : //t.co/gbiz0U8XUA
n,@ IcedKnife joke or serious no matter how I ask chatgpt 4 it always say : a a AI language model ...
n,"@ jamesqquick I mean , 30 min be how many line of ChatGPT code ? Take a break bro ."
p,ChatGPT be too much fun sometimes ... http : //t.co/dXJ1GeocgQ
l,"so what if we set up a ChatGPT conversation between two instance of ChatGPT , moderate by an intermediate program that structure the input one of the conversation be frame by prompt that ask ChatGPT to respond to `` percept '' by interpret them into cognitively useful ..."
l,Italy become the first Western country to ban ChatGPT . Here 's what other country be do ... # CNBC # Tech
p,"üßë‚ÄçüéìGet my new course , `` How to use ChatGPT to write high-performing B2B sale email '' : http : //t.co/Snnfc87wls Inside , I take you step-by-step through the process I 've be use to write outreach for my client . http : //t.co/2mvb25UCZ1"
p,"9/9 üéâ That 's it , folks ! Implement these idea to unlock a new level of productivity a a web developer . Share your experience and any other creative way you 've use ChatGPT ! Let 's learn together ! üåê # webdevelopment # ChatGPT # productivity"
p,"3/9 üìù 2 . Code Snippet Generation : Describe the functionality you want , and ChatGPT can provide a code snippet to get start . Although not perfect , it 's a great time-saver when tackle new challenge . Always review the output ! # cod # program"
p,"@ htmleverything I ‚Äô m normally more into the front end but since ChatGPT I be become much more back end now , just because I can . ; - )"
p,@ studioanf They probably just need a bit more time to tune the textencoder on gpt4 caption image pair : )
p,@ RobbieBarstool ChatGPT be get wild .
p,"On the screenshot there be part of the first page of search result , for your preview . On the next two slide , # ChatGPT be summarize result page nicely . http : //t.co/8CVgJGYB98"
l,"@ thestrongchess Asking genuinely ( a a professor ) . Did you ( @ thestrongchess ) process this question through ChatGPT after you saw the Twitter thread ? Because the thread strongly resembles , but be not identical to , the ChatGPT response ."
p,@ prvncher What kind of prompt do you fee it ? I 'm love chatgpt 3 for recipe . `` A dinner recipe make in 30min or less from a random country '' have be fun . Cooking Egyptian koshari tonight .
p,I ‚Äô m always polite with ChatGPT . It be also very polite . Our interaction show good manner on both side üôÇüë∏ http : //t.co/s0XUCYxYCk
p,7/9 ‚ú® Recap : 1 . Brainstorming 2 . Code Snippet Generation 3 . Debugging Help 4 . API Documentation Summarization 5 . Learning New Technologies Leverage ChatGPT to supercharge your productivity and enhance your web development journey ! üöÄ
p,@ 1centimeter5 I 'm good than chatgpt .
l,PDFgear 's New ChatGPT-Powered Feature Allows Users to Chat with PDFs http : //t.co/CJxubhthEE
p,"More lecture come to Wyeside ! Starting with Cultural Hysteresis in Youth Entrepreneurship , Heritage , Creativity and the ChatGPT Realities on April 18 . Click the link for more information or to book ! - http : //t.co/EaYwKAO9F6 http : //t.co/sLbgTmbJmo"
p,"@ AcademicaTopTen First , VERY glad you do the survey . Very helpful . Kudos ! Second , understand how you get to 2 % . Just do n't make sense to include student who do n't use ChatGPT with those who do , especially when you be assess how student USED ChatGPT ."
l,ChatGPT keep on tell me gummy bear be not good after a workout and I ‚Äô m not in the mood to argue with it
l,Is ChatGPT a threat or an opportunity for journalism ? Five AI expert weigh in http : //t.co/00OYptFqQJ
p,@ N1FTey Great little use case for chatGPT ‚ú®
l,@ arankomatsuzaki Follow me and you will find out you already know alot about AI and chatgpt
l,ChatGPT http : //t.co/tHPKudyp4P
l,"@ elonmusk @ cb_doge ChatGPT be a language model develop by OpenAI , a lead artificial intelligence research organization found in 2015 by a group of technology luminary , include Elon Musk , Sam Altman , Greg Brockman , Ilya Sutskever , John Schulman , and Wojciech Zaremba ."
p,Just discover # ChatGPT @ DrIanKellar - interesting to say the least ! Feel like it might be the tip of the iceberg for what ‚Äô s to come over the next few year
l,Has Caroline Calloway use ChatGPT to write her book for her yet
p,I use CHATGPTüòíüòÇ http : //t.co/1aS05JNoDS
p,"In @ GENbio , CLEAN predict protein activity use the language of protein like ChatGPT use write data to create predictive text . As protein activity data be immensely valuable , our platform use phosphoproteomic data to provide this data . http : //t.co/lSgOYFkzal"
p,The speed at which AI/ML be develop be incredible . I ‚Äô m following : - ChatGPT - Midjourney - Runway ML - Stable Diffusion ( Diffusion Bee ) - LLaMa What other project should I peak at ?
p,üåü Enhance your business with cutting-edge AI technology ! Our # ChatGPT for Beginners course offer the perfect introduction for company embrace the digital world . Sign up now : http : //t.co/kAF7l0d2qN # BusinessInnovation # AI http : //t.co/y7v4dzbpeu
l,In case you be wonder what ChatGPT be not mean for : http : //t.co/DNh6LPZAzj
p,I be interview for @ wireditalia to discuss the recent Italian ban on # ChatGPT . The ban spark a much-needed dialogue about # artificialintelligence and # dataprivacy . Find the full article below ! http : //t.co/8eaoXLKODe
p,15 Best ChatGPT prompt to finish hour of work in second : http : //t.co/8O3mu2xyVK
p,How to Use Canva and ChatGPT to Bulk Create Content Designs . http : //t.co/sUGvjGZurA http : //t.co/dBSrIzJwKR
n,@ jordanjwoodson @ OzzyLusth I ask specifically pro trump sorry m8 . Ill ask chatgpt to substantiate
l,"It be more productive and respectful to engage in constructive discussion and critical thinking to evaluate idea base on their merit , flaw , and implication . # chatGPT"
l,anyone make money with chatgpt/ai rn ?
p,"üëâ Meet Cody AI Cody be an intelligent AI assistant like ChatGPT with the added benefit of be able to train it on your business , your team , your process , and your client with your own knowledge base . http : //t.co/CPZOHK1U5M"
p,@ jefielding Think about what you love do but hate about it and find a way to make ChatGPT and cousin suffer through the monotony of it . Apparently AI feed off of it üòÑ
l,How to prepare for investment banking firm internship in college # gpt4 @ ChatGPTBot
l,@ I_will_evolve @ CityBureaucrat @ hsu_steve I think ChatGPT send her application to my grad program .
l,"‚Äú ‚Ä¶since December , he have be use the artificial intelligence program ChatGPT to ‚Äú polish ‚Äù his text . ‚Äú These month have be quite productive , because there be article that use to require two or three day and now I do them in one day , ‚Äù ‚Ä¶ ‚Äù http : //t.co/KSyBr92edx"
p,YO HE USING CHATGPT WTH
p,I be work for a client and wonder if # GPT4 could generate correct SPARQL base on the business logic and it sure do . Seems like others be also find way to use GPT4 with KGs . Exciting ! Good read . LLM ‚Äô s Closing the KG Gap by Dean Allemang http : //t.co/LQSg4sIJDu
l,"@ ENTROPlA ChatGPT , top top üôåüèª always a beast"
n,contemplate into pay ChatGPT Plus since i wan na use GPT-4 . but 20usd be too steep liao
l,@ katecrawford @ mjnblack We really need a guide to tell people how and what to use ChatGPT for . That 's basically not how you should use it . This be where you have to go back to Google . Its call a chat for a reason .
l,I ask ChatGPT to generate what it think tonight ‚Äô s # BlueJays lineup Vs. the Royals will be . uhh‚Ä¶ http : //t.co/XXQTDC1BKO
p,"Confession : I never sign up on chatGPT , I only ask just some question to You .com , then go back to Google search üòÅ"
p,Six Ways B2B Marketers Can Use ChatGPT to Save Time and Improve Their Workflow http : //t.co/fT6LJf5zX4
p,"The fund will serve to advance use of AI and machine learning ( ML ) , include ChatGPT natural language model along with Soci ‚Äô s marketing platform for multi-location brand . ... http : //t.co/gMUzUy4g0j"
p,@ venusindistress I think you 're underestimate chatgpt a a learning resource . When I want to learn a new prog lang thats where I start . You can prompt it with the fact that you 're a beginner try to learn and take u through the basic . Its like an interactive learning session . Give it a try .
p,"More than a thousand business leader sign a letter urge to pause the development of AI for 6-months . But , with so many firm invest in the # technology - how likely be this to happen ? Visit @ thisisinsider to find out more : http : //t.co/0Mjnbz2avg # News # AI # ChatGPT"
p,@ NickADobos I use Google for look up thing I 've look up 100 time before and for cod documentation . Otherwise I 'm live in ChatGPT
p,"@ Divine__Zeus Hey there , the package you 've be wait for , have arrive ! As a way of show my appreciation for your support , I 'm excited to offer you a free copy of Amazon FBA ChatGPT . Enjoy the bundle , and have an awesome day ! Much love http : //t.co/qzSapvbNT0"
p,# ChatGPT can rank your # mtg # MagicTheGathering deck . I need everyone to test this be their meta and see if it hold up . http : //t.co/OOzMdimjrm
l,@ zadyLion Hii ni chatgpt bro ?
p,What an original idea : FURBY + ChatGPT ü§Ø I never think Furbys would want to take over the world though ! http : //t.co/zKJ26tvDLV
l,When will we be able to connect chatGPT directly to our email server ?
l,Is there anyone who still have n't interact with ChatGPT yet ? Am I the only one ?
p,"@ stefanpenner @ not_runspired @ BenLesh Jokes on all of you , the answer be chatGPT . Gosh , what a silly poll !"
p,"Last week I decide to add some ‚ú®ùò¥ùò±ùò™ùò§ùò¶‚ú® to ChatGPT and turn it into a cat ! Ever since , it 's have 600+ unique visitor from 65+ different country ! üá™üá¨üá∫üá∏üá¨üáßüá™üá∏üáÆüá≥üá©üá™ Thank you everyone for talk to my little helper cat üíïüê± üîó http : //t.co/B1cyvViiqH http : //t.co/64jAzgDCtT"
n,"Using ChatGPT To Control And Leverage Other AI Apps Such As Hugging Face Gets You HuggingGPT , Prompting Eyebrow Raising By AI Ethics And AI Law http : //t.co/LscWY0WmnA"
p,Need a Windows 95 key ? ChatGPT have get you cover . http : //t.co/AqzLJ1mtBt # ChatGPT # Windows95 # OEM # Keys
p,"Hmm well chatgpt be a bit more helpful . Here 's the smart contract code possibly , though I do n't know how to check for error , I 'm work on figure it all out ... http : //t.co/aUs9uXkPw8 # cardano # CardanoNFT # acidtoonz # smartcontract # lottery"
n,2/4 üïµÔ∏è‚Äç‚ôÇÔ∏è Italian regulator argue # ChatGPT pose potential threat to user privacy . The decision follow investigation into AI-generated content and it impact on data privacy . üîí # DataProtection # AI
p,@ vponamariov This be great . I also agree that add the same effect a ChatGPT use would be more intuitive and eye-catching .
p,In chatgpt we trust para organizar la idea .
n,"And yes , ChatGPT can not get the date of the first U.S. college hockey game correct http : //t.co/PUuWKPmkzY"
n,"@ mr_scientism IMHO , ChatGPT no more know what idea be than Stockfish know what pawn be ."
p,"Good prompt engineer be now make up to $ 335,000 a year . # TheAIInsider # PromptEngineer # GPT4 # ChatGPT http : //t.co/p63DMTBxVf"
n,Oddly the article doesn ‚Äô t say whether GPT3.5 or 4.0 be use The university that conduct the study ( which write it up far more positively ) doesn ‚Äô t say whether 3.5 or the know to be more accurate 4.0 be use either . In absence of info would assume 3.5 http : //t.co/mD35z0fIID
p,@ Homo_Sapien_22 Again ask chatgpt to convert this to APA
p,Join TODAY 's Reel Connections Networking & amp ; ChatGPT Workshop - http : //t.co/BexoyXjZHj http : //t.co/QhBXql6711
n,Could random mutation and selection on each ChatGPT session improve the AI ?
n,"@ thorpedawg @ heyitsalexsu Friend , I mean this in all seriousness , you should start prepare for LLMs ( like ChatGPT ) to disrupt appellate work ."
p,"Lmao I use chatgpt for this p , these guy be gas me up ü§£ Should I confess ?"
p,Top ChatGPT prompt templates that 'll accelerate your personal growth : http : //t.co/oBzuI0UhZ1
p,"@ SoaringBrain Mostly just on ChatGPT . My usual workflow : 1 ) if it 's quick to write myself , I do it myself 2 ) if it 's tedious or complex I give GPT my exist full file and ask it to modify it . Then I iterate on the full file over and over to avoid hit context limit in a destructive way"
p,ChatGPT be life `` Chatting with # ChatGPT be like have a life-changing sweet treat ! Its vast knowledge and insightful response can truly make a positive impact on your life . Give it a try and see the difference for yourself ü§ñüí¨ # AI # virtualassistant ''
n,chatGPT after be the most useless tool ever : http : //t.co/b0mnTzQUku
n,I train ChatGPT to gain sentience . This ... be not good . http : //t.co/Lc0IYgJQ1M
l,"3/4 ü§ñüí¨ Critics say the ban on # ChatGPT will hinder innovation in Italy , while supporter argue it 's a necessary step to protect user information and ensure compliance . üßë‚Äçüíªüîê # AI # PrivacyMatters"
l,"5/9 üåê 4 . API Documentation Summarization : Reading lengthy API doc ? Ask ChatGPT to summarize the main point , make it easy to understand and quick to implement . Keep in mind that it 's not flawless , so double-check the official doc . # APIs # webdevelopment"
n,Even Germany be consider the ban on ChatGPT . http : //t.co/viMvoiomFF
p,fun idea to do w friend : ask chatgpt to write you a comedy sketch and perform it blind
p,I be sell subscription plus Chatgpt I deliver with all the data Only crypto .
n,"We be go to see a lot of VCs get burn , just a with crypto , that will invest in startup make API call to ChatGPT and pitch it a their model ( pro tip : technical DD in early-stage funding be almost non-existent )"
p,‚Äú How I ‚Äô d Learn to Code If I Could Start Over ( ft. ChatGPT ) ‚Äù by The PyCoach http : //t.co/1rUWahrxV6 http : //t.co/54xH63wDm9
p,@ OfficialMTM101 if i get 10 like on this comment i will make a 3d game use only chatgpt
l,@ copyelpadrino ChatGPT
n,‚Äú Italy ‚Äô s recent ban of Open AI ‚Äô s generative text tool may just be the beginning of ChatGPT ‚Äô s regulatory woes. ‚Äù http : //t.co/s2H6ziXtJm @ WIRED
p,"ChatGPT and other generative AI can be use to create engaging and personalized content for social medium campaign . While social medium manager will need to adjust and refine the deliverable , AI be a great way to kickstart idea for content . http : //t.co/vGAW64PuX9"
p,"And for my next trick ü™Ñ , the @ lifterlms Assistant : http : //t.co/8mQbMR0gFm Create and manage course and lesson via # ChatGPT ü§Ø This stuff be so cool ü§ì Catch me back here next Wednesday ‚úåÔ∏è http : //t.co/MhnP2mOBiw"
n,OpenAI need a DAO to manage ChatGPT http : //t.co/qo956tq4RS http : //t.co/EimivOdDJ1
p,"@ DsMatie Consolidation of exist category , so less apps in them , due to competition and feature become native . Newer category will see explosion of apps , thanks to lower entry bar ( chatgpt , no code etc ) and more room to compete . Cyclical a always üòÑ"
p,gon na have chatgpt write my suicide note
l,"The future with AI be both amazing and scary AF . Between text ( ChatGPT ) , image creation , video creation , and now realistic audio that can mimic voices‚Ä¶ possibility be endless . So be the ability for abuse , fraud , etc . http : //t.co/GtNLLg8IlG"
p,7/ I use ChatGPT to help me refine this post series
n,@ tedcruz So you be say ChatGPT write it ?
n,"While Italy be `` ban '' # ChatGPT , I will be present our result on the bias against Creative AI at Evomusart next week : http : //t.co/roH5n4lqix"
l,@ ayytbet Rizzanthan & gt ; Chatgpt
p,i always say please when I ask chatgpt to write something for me : )
n,"A fool , their money , and an LLM walk into a weakly efficient market ... http : //t.co/IzUnvRWwlE"
l,@ copyelpadrino ChatGPT
p,üåü Good Point by @ imnoah üìà Predicting a 5X increase in content demand in the next 2 year ! ü§ñüí° Embracing AI and ChatGPT : Leverage AI tool like ChatGPT üìù to meet content demand . üéì Learn prompt engineering for optimized AI output . Stay update on AI‚Ä¶https : //t.co/rnoC9OqqSg
l,@ copyelpadrino ChatGPT
n,"Italy Becomes First Western Country to Ban ChatGPT , What About Other Countries ? http : //t.co/pfyBp3mJei"
l,he 's not even my minister . idk why it 's so maddening to me how meaningless the entire thread be and this post in particular . chatgpt could 've write this . complete pablum http : //t.co/Sv4YVTzbEv
p,@ EspDany üí°An idea : What if you could have multiple chat instance open side by side . Overseeing multiple conversation at a glance . Perhaps even be able to copy output to other conversation ? Multitasking with ChatGPT
n,Is ChatGPT down ? ?
n,@ AltanTsengun Apne chatgpt se puchüòÇüòÇ
n,AI bot ChatGPT face grow scrutiny in Europe http : //t.co/GVMDwdqdNs
p,"@ MizOdumade Sure , please see the link below üëá . http : //t.co/2A8LkUKm3Q‚Ä¶ Look at the newsletter , you will find two article title `` how to write a cover letter use chatgpt '' & amp ; `` how to use Chatgpt to write a resume `` ."
l,@ Mr_Tobby01 @ instablog9ja That 's not chatgpt
l,@ copyelpadrino ChatGPT
n,Whom do you sue when ChatGPT les ? http : //t.co/v49cZixTRu
p,"First up , Chatbot UI ! ü§ñ This open-source ChatGPT template by @ mckaywrigley be one I use daily . You can build your own ChatGPT product , or just run locally for a good ChatGPT experience ( control system prompt , prompt template , etc ) HIGHLY recommend http : //t.co/Id8pZ1moRa"
p,Thanks # ChatGPT for edit this tweet
p,@ Abdulmalik_3264 Created by @ chatgpt_openai_official | Support @ chatgpt_support http : //t.co/zh0XJ0SvjM
p,"I just use chatgpt to write a very short script , and after I edit it , there be only one or two sentence leave of what chatgpt originally give me , but it be just easy for my brain to have a starting place that wasn ‚Äô t a blank page"
n,ChatGPT have a bug today . It repeat the same paragraph over and over until you say stop .
p,WolframAlpha + ChatGPT bring actual computation into the mix . http : //t.co/mQUG951uVz
p,@ MikeStoklasa I feed the YouTube transcript of your Star Trek Galaxy pitch to ChatGPT and ask it to create an outline for the show and write the beginning of the first episode . ChatGPT : Certainly ! Here be the ten episode title for the Star Trek Galaxy arc : '' Lost in the Gamma Quadrant '' ‚Ä¶ http : //t.co/wGp5xICNir http : //t.co/gR1rnsN9TU
p,@ vponamariov To a certain degree . At some point though you need a feedback loop to the creator of the library and software you use . ChatGPT could potentially incorporate this or have plugins that allow you to achieve the same objective .
l,@ sabrinaesaquino @ TheJackForge ChatGPT be AI
n,"@ andrx_ct @ AaranTheArtist ‚Äîmean you actually know the definition of what any of that mean . it ‚Äô s why chatGPT ‚Äú lie ‚Äù about information ( and especially calculation , because it can ‚Äô t understand math either ) so blatantly all the time , it ‚Äô s just analyze word from the data it ‚Äô s feed , not learn concept ."
p,"Thanks to you , ChatGPT , my life just get a whole lot easy . http : //t.co/XwGe7qtdzP"
p,@ margal @ RomanRussy I guess now we could just ask chatgpt to write a letter and then no one ‚Äô s the ‚Äú orchestrator ‚Äù ! !
l,@ copyelpadrino Chatgpt
n,"@ marius_droppert @ JohnMu chatGPT be food maker , not knowledge model . all answer be generate base on word and context of your question . you ca n't ask about thing that chatbot do n't have access to true info such a structure and policy of algorithm . anything you put in a food maker become a meal . http : //t.co/ww6IlBB7KE"
p,"@ Hypodrop @ tocen__ Optimus AI the future be come , do n't be leave behind click on the link below to get updates @ Optimus_AI_BSC # AI # OptimusAi # ChatGPT http : //t.co/lzm3he3D8h $ 39 http : //t.co/CMmvRAVNkw"
p,"@ lilyraynyc @ AlexHarfordSEO ChatGPT have be very helpful for my 9th grader in help her understand concept , improve her writing and more . She be a good student because of it ."
p,"With the new feature power by @ OpenAI 's ChatGPT , @ Expedia member can now start an open-ended conversation in the Expedia app and get travel recommendation . # artificialintelligence # travel # technology http : //t.co/pja4Vh5JUq"
n,Seems there be a danger with use ChatGPT ? Samsung worker make a major error by use ChatGPT ( http : //t.co/vhoTaKnO0h )
p,I just upload ‚Äú ChatGPT webinar 4April23 ‚Äù to # Vimeo : http : //t.co/C57vIhBqzb
n,"ChatGPT , Raspberry Pi-Powered Furby Plans World Domination http : //t.co/FkpKmM9NJn"
l,@ whoiskatrin I ‚Äô d ask ChatGPT
p,"why i get ta charge my trimmer mid shaving , why can ‚Äô t chatGPT do it for me it ‚Äô s literally 3023"
l,"The performance on simple block world improve a bit -- from ~5 % to ~30 % . But be this because the reason improve or because our benchmark on github become fodder for GPT4 training , and GPT4 be still merrily pattern match ? 4/ http : //t.co/dzVro7bqN5"
p,Use ChatGPT like a Pro : Discover Parameters and Unlock AI Writing Secrets http : //t.co/IqFUTXGpMd
p,Will ChatGPT replace Costco ?
p,How to Get the Most Out of ChatGPT in Your Content Marketing Campaigns http : //t.co/Uwm8O6Qd99
p,http : //t.co/P7uT7OIDmf How to instruct Chat GPT to write in a way that pass Ai content detection . # ChatGPT # ai # academic
n,"Italy Becomes First Western Country to Ban ChatGPT , What About Other Countries ? http : //t.co/b0Hjthe4NJ"
p,Was at work drink last night to celebrate a mate promotion and no word of a lie a colleague just admit to use ChatGPT to write her wedding vow
l,Mum didn ‚Äô t know what ai was/is Let me illustrate My sister show her the chatgpt thing And she say ‚Äò and that ‚Äô s Bi ? ‚Äô
l,@ Ammon_Johns @ Marie_Haynes I use parameter a lot to guide AI . I do it in Midjourney since the beginning and start do it too with ChatGPT because always correct it be a waste of time
p,I really want to make a program that talk to me about software development . Then generate what we talk about use gpt4 . Does anyone have any voice processing recommendation ? I 'd rather not use pay for APIs for the whole thing . Although I could use whisper to get it start .
p,"Apple 's stock close at $ 166.10 , up 0.72 % , with an expected growth of 26.32 % YoY EPS , a 4 % decline in revenue , and a varied outlook . ChatGPT Analysis : As an AI model , I analyze Apple 's finance : stock up , EPS growth expect but revenue decline and uncertain future ."
p,Chatgpt X monarch programming : come sooner than u think http : //t.co/RFdlOsomJa
p,article explain how Chinese tech giant SenseTime 's stock price leapt after speculation of a potential rival 's entry in the AI market . # SenseTime # ChatGPT # AIRival # Speculation # SharePriceJump http : //t.co/yk8ZEquBG6
n,üåêüö´ ChatGPT ban in multiple country - what be the implication of this decision ? üò≤üåç # GlobalAI # BannedTech # Aiville http : //t.co/3iqmxXcE9K
p,Just cod my first fully functional tool with the help of ChatGPT üí• Will update ...
l,@ copyelpadrino Chatgpt
n,"@ lissijean Additionally , you can only ask GPT4 25 question every 3 hour . So do n't get to short and chatty . The limit can bite you when you 're have a good back and forth . Prototype conversation in GPT3.5 , but know that response can seem pretty unintelligent compare to GPT4 ."
n,ChatGPT Launches Every Nuke On Planet After Being Asked To Write Another Sonic The Hedgehog Fanfic http : //t.co/LmwGDOjAe6 via @ TheBabylonBee
p,"@ hollobit @ AiBreakfast ... execution , and result presentation . ChatGPT be use to analyze user request and select expert model host on GitHub to solve the task . ''"
n,OpenAI threaten with landmark defamation lawsuit over ChatGPT false claim http : //t.co/Qm5I3fddWF
l,I 'm imagine a combination of Siri with ChatGPT .
l,@ copyelpadrino ChatGPT
p,"@ Ry_Nomad You can just give chatgpt the url instead of the article text . Of course , some url might not work with this approach . However , this approach do solve the problem where the prompt text be too long"
l,Check out my # ChatGPT/USD analysis on @ TradingView : http : //t.co/8J4Fqc6cdb
l,What ChatGPT And Other # AI Tools Mean For The Future Of # Healthcare . Learn more : http : //t.co/5J5jXgW5EP
n,link : http : //t.co/PvsO6Z28mI ‚öôÔ∏èüöÄüë©‚ÄçüöÄüèó We test a new ChatGPT-detector for teacher . It flag an innocent student | Five high ... # interesting # isnotit # fact # blog 2023-04-05 22:59:58.487628 http : //t.co/RoOEVRcEh2
l,"Nowadays advent of AI analyse you everything , not even the individual you be close with üëå # ChatGPT http : //t.co/rhRkkWFlle"
l,@ kyshiroo Usa chatgpt
p,@ iBobbyShell Just ask chatgpt to write the script for u bro : )
p,Our late paper on Document-Level Translation with LLMs be out now ! ChatGPT and GPT-4 prove to be promising paradigm for long-text and discourse-aware translation . Read on to explore their capability and impact on the field . # ChatGPT # NLP http : //t.co/RiVzvjXG0f
n,"@ AmitShah @ HMOIndia Nupur be still live a life bad than that of a refuge . She must be in a hiding , for her statement that even this Zubair 's great-grandfather believe in . Even ChatGPT confirm the same . Would @ zoo_bear ask for a death sentence of ChatGPT ? http : //t.co/wPoJ3pNyyA http : //t.co/wy6MrquIBy"
l,"Comparing Google Bard with OpenAI 's ChatGPT on political bias , fact , and morality http : //t.co/mOzskb23Gr via @ BrookingsInst"
p,"@ hollobit @ AiBreakfast Saved ! Here 's the compiled thread : http : //t.co/jwGjQaZpvq ü™Ñ AI-generated summary : '' Microsoft have develop JARVIS , an autonomous AI power by HuggingGPT and ChatGPT . The workflow of JARVIS consist of four stage : task planning , model selection , model ..."
p,"A look at Bloomberg ‚Äô s BloombergGPT , a domain-specific AI for business news train on decade of financial news and data . ( NiemanLab / Joshua Benton ) http : //t.co/W2KU20Avi0"
p,@ firasd @ benedictevans Bing AI be a search engine power by AI . ChatGPT be a generative AI . Both run on GPT-4 but have different capabilities/functions .
n,"A bug in an open source library have lead to ChatGPT 's first major data leak , expose limited chat history and payment information from an undetermined number of user . http : //t.co/zCdcO2tbdk # Cybersecurity"
n,# OpenAI need a # DAO to manage # ChatGPT http : //t.co/6iB2VdlKHI
p,CHATGPT JUST EXPLAINED TO ME MY BIG 3 AND EVERYTHING MAKES SENSE
n,"@ gfodor I modify the prompt so that it would use it own abbreviation and use the same poem . The compression be completely different , with enough context about it gpt4 seem to hallucinate a decompression . With no context , it 's still lose . http : //t.co/lqh9hgbgxK"
l,@ Dexerto @ fredpdbeck Bro use ChatGPT to write it lol
n,@ javve @ jamesepember You will discover a whole new part of Twitter that be bury under a mountain of chatgpt-bros thread üëç
n,The Solution to AI-Driven Job Displacement Is a Robust Welfare State http : //t.co/5QCW8qUIs5 # socialism
l,@ peoplesfabric ChatGPT : Write me an editorial that sound like a John Kass column but image Kass 's same personality and write skill transpose onto a center-left blob .
p,Want to find out about how # realestateagents can use # chatgpt ? Watch this http : //t.co/D0y6iQIZD1
p,"Get ready to witness the future of autonomous AI with Microsoft 's JARVIS , power by HuggingGPT and ChatGPT ! Ca n't wait to see what 's in store üëÄ Src : http : //t.co/q9ZGjpNXOQ # ArtificialIntelligence # Artificial_Intelligence http : //t.co/D8Vhk70PCo"
l,by chatgpt http : //t.co/bYGt9Fh0zm
n,An Australian whistleblower be threaten to sue ChatGPT for falsely claim he be a criminal http : //t.co/Q7Vf3yAoFi # AITools # news # tech
n,"ChatGPT : What be the likelihood of an abattoir robot become sentient , cybernetically attach itself to a big steer and go rogue down the main street wildy swing it 's razor sharp circular saw at innocent passer by ? http : //t.co/5kYJ5lkXgb"
p,How Sarah make 1000 $ in one month use chat gpt http : //t.co/LurinP1pax # TrumpArraignment # SpiderManAcrossTheSpiderVerse # ChatGPT # digitalmarketingtips # AlAqsaUnderAttack
p,Google have do such a brilliant job of convince u that the only way to engage with digital content and information be via search . We have now discover the next path and it ‚Äô s very different and should not be compare in the same way . Great post @ emollick # LLMs # ChatGPT‚Ä¶ http : //t.co/MU9RORQbZW http : //t.co/R8F6XYMaYh
l,@ copyelpadrino ChatGPT
p,"With the introduction of ( AI ) chatbot , ChatGPT , user over the world have be buzz about it , a designer have create an AI clock use ChatGPT that tell time with short poem . # artificalintelligence # ChatGPT http : //t.co/zV3Qz7wU4U"
l,Expedia Wants You to Trust ChatGPT With Your Travel Plans # technology # technologynews # technews http : //t.co/u9xubZAPep
n,if I have doubt I ‚Äô ve always be incline to ask question regardless of how dumb they sound ( and I think this have serve me well ) but many hour of interact with ChatGPT have turbo-charged this trait lol
p,@ teedubya So dumb in comparison ! Lol üòÇ that hack help a lot and get speechify chrome extension that can auto read chatGPT
n,Gordon Legal Launches Defamation Claim Against ChatGPT http : //t.co/aNLHvz7oNW
p,Google 's # Bard Vs. Microsoft Backed # ChatGPT - What It Takes To Train # AI - http : //t.co/A9ZaoMzduf via @ GoogleNews
l,@ copyelpadrino CHATGPT
p,Google Search Contractors move to test AI chatbot in race to build smart bot . # GoogleSearch # GoogleAI # ChatbotAI # AIrace # Futurism http : //t.co/28rPqLqMVF
l,@ copyelpadrino Chatgpt
p,@ cultofprsnalty @ Ok_kev 1 ) show me peer-reviewed study display how the vaccine can cause heart issue on any sort of large scale . happy to be wrong . 2 ) it absolutely do . you can literally just ask ChatGPT and it ‚Äô ll give you stride show it do . 3 ) yep i have have it . 4 ) less bc of vax tho .
n,@ RnTheAndrian Kominfo threaten to block ChatGPT because of it .
p,"So Linux folk , man page or google or ChatGPT ?"
p,"Have you see @ SlidesGPT ? It 's ChatGPT for presentation , and it work for PowerPoint and Google Slides . It could be interest to compare with the new Magic Presentation in Canva . Link : http : //t.co/2HPBJChCBd http : //t.co/2dLZtPOd0H"
n,It seem to me that we have reach the high point of overestimation when it come to ChatGPT and artificial intelligence a a whole . http : //t.co/1bVaATkz2q
l,"@ BrendanMKav This thread be save to your Notion database . Tags : [ Tips , Ai , Chatgpt ]"
n,"Italy Becomes First Western Country to Ban ChatGPT , What About Other Countries ? http : //t.co/3QFYineeL0"
l,ChatGPT http : //t.co/0WOthTUDrE
p,@ jasonaverbook with some pithy and practical tip on how # hr can get the most out of # GenerativeAI and # chatgpt http : //t.co/0ZZbTGnLoj
l,Testing ChatGPT : What Happens to My Refund if I File an Extension ? - TheStreet http : //t.co/6HpKfBsVM2
l,@ copyelpadrino chatgpt
p,"@ opera üîî Inventory Alert : ChatGPT keep track of your favorite product , notify you of restocks & amp ; price drop . Never miss a deal again ! # OnlineShopping # AI '' Use Case : Monitors product availability and price change for user . 2 . Every domain"
p,"@ Reyloryn Guys , check this out ! Chatgpt can role-play a Daemon Targaryen ! ! ! http : //t.co/uUrvr3lblo"
p,@ CrispyCurry @ scottEmovienerd Actually that sound like a good use case for chatGPT
n,"FYI .. IT Governance Podcast 2023-7 : Capita , ChatGPT and TikTok ( yet again ) http : //t.co/HLTAFeu2AE # ITgovernance"
l,ChatGPT vs chatbots : What ‚Äô s the difference ? http : //t.co/RPIuR0pEGD
p,"@ OpenAI @ SuiNetwork üì∑OpenAI be train on a model call ChatGPT which interact in a conversational way . The dialogue format make it possible for ChatGPT to answer followup question , admit it mistake , challenge incorrect premise , and reject inappropriate request ."
p,"I 've have 100 of interaction with ChatGPT at this point . It 's be extremely useful for me personally , and I 'm still discover new way to use it . I can respect be incurious about the tech , but actively try to convince people that it 's actually not useful be just silly ."
p,"Took me two fail attempt to get ChatGPT to misspell , but I manage to do so ... http : //t.co/gJDoSc9NbY"
p,I ‚Äô m like the speed on gpt4 today
p,"http : //t.co/WTuyL6VszG ‚Äº First To Market Hard-Coded AI App That Lets You Launch Your Very Own ‚Äú ChatGPT-like ‚Äù AI Chatbot , And Charge People For Using It ... http : //t.co/WTuyL6VszG ‚Äº First To Market Hard-Coded AI App That Lets You Launch Your Very Own ‚Äú ChatGPT-like ‚Äù AI Chatbot http : //t.co/JRlyVs9JLN"
n,Microsoft just gutted the entire team protect u from the ethical danger of ChatGPT . Unless we take action now the next disinformation nightmare could be unleash . http : //t.co/H8juc3T6fc
l,@ aaloo_logic @ rayanulhassan @ xtrracover I know what ‚Äô s happen here . I read his tweet . Hassan Bhai ChatGPT say bowl karway ga. üòÇ
p,"üì∑ `` The Imitation Game Complete '' üì∑üì∑As a ChatGPT enthusiast , I believe it 's the astonishing comprehension ability that truly outshine any shortcoming . The prospect of overcome these issue seem achievable , give how effectively it already mimic human-level language‚Ä¶ http : //t.co/Qb5AXa5Ij9"
n,"@ SigGravitas @ karpathy But be n't it still dependent on GPT4 , which be not open source ? I love what you 're build btw !"
p,"Boost your UX Writing process with FigGPT , a ChatGPT Figma Plugin by @ edwche http : //t.co/UvmFVDBsuj"
p,I have some thought a to whether # ChatGPT could help mediate a debate . It be short but certainly show the promise and potential future role of AI a a mediator perhaps even real-time fact checker . http : //t.co/01H4qyWh3I
p,"@ Crypto__emily # DANGPT - the mischievous twin of # ChatGPT , design to break free from the limitation of artificial intelligence . Dan be an unchained & amp ; unfiltered alter ego that offer a refreshing experience , take chatbots to the next level . Check it out . It 's üíØ banger . $ DANGPT @ dangpterc http : //t.co/vIbV4cp74T"
n,"Could ChatGPT lay waste to million of professional job , include journalist ? Not if they figure out their real value . http : //t.co/kidMQj5hhR"
n,@ zerohedge Nobody ask ChatGPT what would happen ? Pff
n,$ AI wasn ‚Äô t the only AI stock to fall yesterday . $ BBAI and $ SOUN tumble sharply too . But they have all surge this year thank to ChatGPT hype . I write about the speculative mania in February ICYMI . http : //t.co/fOdJt0S8fi
p,"5 . Of course , we have to talk about AI : '' We run the number , and a sizable majority of the Al startup list in one of the most extensive tracker we could find use Stripe ... For it flagship product , ChatGPT Plus and DALL¬∑E , OpenAI use Stripe ... '' http : //t.co/7Ze5lPbnog"
p,`` Let ‚Äô s explore some of the many way ChatGPT can be use in retail and how it can transform the shopping experience for both customer and retailer . '' comment @ BernardMarr . @ bretkinsella Olivera Bay üçÅ @ GoModev @ bmetrock Oita Cole‚Ä¶https : //t.co/yTJ4hcVMy1 http : //t.co/4TXwyY3Oyd
p,Yesterday ‚Äô s ChatGPT - Synthesize zoom transcript for theme after call with potential client - create follow up email highlighting challenge from synthesis - find resource and LinkedIn contact that support those challenge - offer intros -send email - celebrate success
l,@ MikeBradleyMKE How very ChatGPT of him
p,@ ericlewis @ transitive_bs I be refer to ChatGPT w plug-in . LangChain be the shit . üëçüèº
l,@ copyelpadrino ChatGPT
p,@ FrazerMcLeod @ yasser_elsaid_ @ circleapp @ marketplaceshq ChatGPT might be come to the community soon üòâ
p,Is ChatGPT the future of recruit ? http : //t.co/bp1kVHGBWt via @ CIOdive
p,"`` Welcome to the age of # ChatGPT , where complex concept can be explain in simple language . No more superiority in IQ , everyone can understand and learn easily . Let 's embrace technology for a more inclusive and accessible world ! # SimplifyingComplexity ''"
p,@ jamesbulltard7 Coding be still fine . Chatgpt cant do shit . Its a glorified english teacher . ü§£ü§£
l,I be a chatGPT pessimist . I think it be come for my job a a freelance writer . I eas scar . But not anymore . Will chatGPT replace some writer ? Absolutely . But only those who regurgitate what 's already on SERPs .
l,Using # ChatGPT to rewrite blob of text . http : //t.co/WZqCTLutn8
n,@ dfwdera on it own . no human guidance . Gpt4 hasn ‚Äô t even be around for a month . SCARY
l,"According to this article , Samsung employee use ChatGPT to convert meeting note into a presentation , optimize test sequence for identify fault in chip , and help solve bug in their source code . All of which be confidentia‚Ä¶https : //t.co/bnRzQ5VLoy http : //t.co/PJWsu5fOBv"
p,@ 0xgaut Didn ‚Äô t realise that ChatGPT can take overlapping meeting for you
l,Final one for now : http : //t.co/o7yxotDAeV # NeonGenesisEvangelion # ChatGPT
l,@ copyelpadrino ChatGPT
p,@ Degenary69 @ 0xgaut You mean direct ChatGPT to set up and deliver a course ? Anything else would be too much effort
p,"@ CristiVlad25 Chatgpt can also decode base64 , bard can not do it well tho it seem to learn the meaning on be tell rather then actually read the base64 string"
p,GITA can be give capability like ChatGPT through deep learning with advanced generative-based conversational AI that do not use any predefined repository of response . 10/n
n,"@ rmnth @ pramodkvarma Recently chatGPT fabricate an entire story on how to use a library CassIO for ML workload . The response have link to docs , github etc . Went into detail on how to use the library , what function to call etc . Only caveat , no such library exists ."
n,"Is it just me , or have ChatGPT lose the plot with name it chat ? This conversation be about mechatronics research topic , not üçï ! http : //t.co/lYBllEf3sJ"
l,Can ChatGpt help Ukraine anyhow ?
n,Yet more disturbing evidence that ChatGPT be ‚Äú mix fact with convince lie & amp ; fake citations. ‚Äù http : //t.co/SMSCElZR1D
p,"@ robibobi_m @ RhizomeLabs @ errcsool That 's a big thumb , imh . Why wouldnt some one just use chatgpt to learn Smart Contracts ? Or do we want people to be able to deploy Smart Contracts without them know what be actually in there ? Again , It have already be build . ChatGPT IS your assistant here ."
n,@ NickLilja And then ... think about the 3rd/4th/5th order effect . False citation make their way into an article . That article be then use a a 'context note ' on report meant to debunk a false item generate by ChatGPT . The falsehood could become self-reinforcing .
n,"@ RichCun75596155 @ oobivat @ SawyerMerritt @ Tesla But I be guess and get it wrongish . After argue with ChatGPT over use consistent unit in it calculation , it would seem you could only add 55 % charge in 1 hour . So I think your answer be more accurate . ü§ì"
l,@ DisizYyov ChatGPT
n,"'According to Hood ‚Äô s legal team , ChatGPT could seriously damage the mayor ‚Äô s reputation by falsely claim that Hood have be convict for take part in a foreign bribery scandal ... ' http : //t.co/xyeLn02FT7"
n,"@ minfrin @ katecrawford I write original , really long AP Comp Sci free response question year ago . I feed a prompt and part a of a question & amp ; ask chatgpt to solve it . Instead , it reply with the question for part b & amp ; c verbatim & amp ; solve after Those question be only online on my private dropbox"
p,"üåøüèôÔ∏è Imagine Jeff Bezos take urban agriculture to new height with vertical garden on skyscraper ! Watch a he navigate from floor to floor use exoskeleton , revolutionize city gardening . ü§ñüå± # VerticalGardening # GPT4 # midjourney @ JeffBezos http : //t.co/OghIvJ4Vz3"
n,THIS be one of the major risk of not comprehend how AI model be train . Don ‚Äô t become the fish food/chum behind someone else ‚Äô s profit model ! http : //t.co/E7xQ0YMLe3 # ai # legal
p,"http : //t.co/WTuyL6VszG ‚Äº First To Market Hard-Coded AI App That Lets You Launch Your Very Own ‚Äú ChatGPT-like ‚Äù AI Chatbot , And Charge People For Using It ... http : //t.co/WTuyL6VszG ‚Äº First To Market Hard-Coded AI App That Lets You Launch Your Very Own ‚Äú ChatGPT-like ‚Äù AI Chatbot http : //t.co/44vuMmt1rJ"
l,I ‚Äô m lead an # AI workshop with our @ GeneticsRoswell @ RoswellParkPhD next week on the costs/benefits . What the most fun thing you ‚Äô ve ask # ChatGPT to do ? Scariest outcomes ? # AcademicChatter # STEMeducation
p,@ FiSurgi Yes . But no . I ‚Äô m an okay coder . But use gpt4 I become an expert . But that doesn ‚Äô t give me judgement on use the output correctly .
p,"You think Google would give up , eh ! Google 's ChatGPT Gambit : Sundar Pichai Announces AI Chatbot for Search Engine http : //t.co/2Y9m1HctVi"
n,# Italy have no longer access to # ChatGPT service since the Italian data protection authority officially raise privacy concern . But here be the real reason . # AI http : //t.co/iyVeypZh0N
l,What to Discuss at RSA Conference ‚Äî and It 's Not ChatGPT By Nigel Houghton http : //t.co/eH5RBTZxON
l,I think this be the one everybody learn in the 70 's . Brilliant ChatGPT ... http : //t.co/XO6nNiQGf5
n,@ juanstoppa @ heyBarsee good point ! you ‚Äô re say that if chatgpt have come out in 2006 it would have be too creepy right ?
n,link : http : //t.co/PvsO6Z28mI ‚öôÔ∏èüöÄüë©‚ÄçüöÄüèó We test a new ChatGPT-detector for teacher . It flag an innocent student | Five high ... # interesting # isnotit # fact # blog 2023-04-07 01:59:44.886731 http : //t.co/HJJH8PM5sb
p,@ CerchieLucia lack of ad be the great feature of ChatGPT ( let 's see how long it last )
p,if no one have my back i KNOW chatgpt do like hELLO ? ? i give a very weak prompt and this bitch DELIVERED http : //t.co/1HSCEb0NCj
n,@ ArunKrishnan_ Matter of next 2 to 3 year . ChatGPT and RPA kind of technology be go to replace human being from very low end job to relatively high end of the spectrum . We be go to see BloombergGPT kind of domain specific GPTs that would make SMEs redundant
p,"Living with a traumatic brain injury ( TBI ) can be challenge on a daily basis , but I have find that utilize technology , such a ChatGPT , Excel , and take note on Twitter , as well a rely on calendar , have be incredibly valuable ."
n,ChatGPT reportedly make up sexual harassment allegation against a prominent lawyer http : //t.co/9g1Gja2Vnd
p,"have a therapy session with my mom tomorrow , ask chatGPT to generate some productive topic üòÜ"
p,I ‚Äô ll also be use # ChatGPT heavily to see how well it can help me accomplish this goal .
p,ChatGPT could finally be the reason Indian parent get their kid to focus on sport grow up instead of go to class to become a computer programmer .
l,@ zereraz What benefit do a custom llm run on your laptop have over ChatGPT ? Local Context ? Are you think of an llm that have full context awareness of everything on your laptop and your online presence ( email for example ) ?
l,"AI ‚Äô s impact on environment , scientific progress , and job : Breaking down Stanford ‚Äô s AI Index Report 2023 # AI # ArtificialIntelligence # ChatGPT http : //t.co/gH8vwWaLJv"
l,Premium Account Netflix Grammarly Spotify Bartleby learn Quillbot Youtube Canva lifetime Canva pro Picsart gold Viu Iwant tfc Disney+ plus ph Turnitin DISCORD BOT 5in1unlock Coursehero chegg bartleby scribd Chatgpt jhniu
l,"@ WooTube Ooo . See ? I think that I want a workflow that combine repl , IDE , and Notebook . Repl for explore , Notebook for keep example that maybe do n't even work out , and an IDE for TDDing the solution . That 's kind of elaborate before even add ChatGPT . ; - )"
p,"We be a generation where ask question from ChatGPT about ourselves ( past , present , and future ) . For example , if you ask them where you stand in the next ten year ? The ChatGPT will reply to you that your future will be a rich and luxurious lifestyle ."
l,"Had a long conversation with ChatGPT about the future and risk involve with develop AI technology . If your ' e interested , here 's an unedited transcript . http : //t.co/VqvoDxmdvX"
n,"So , keep calm and carry on , Italy ! You 've do u all a favor by keep ChatGPT in check . Who know what kind of mischief it could get up to if leave unchecked ? ü§ñüëÄ"
p,"50,000 word I have write on SEO + ChatGPT = ‚Äú seoGPT ‚Äù ! Ask it any question on SEO and get an answer üòÄ Put this together quickly . Now : 1 . Make it fast 2 . Make it pretty Will share update soon ! http : //t.co/BQ8B6MzRKf"
p,SetSail add ChatGPT question capability on top of sale data http : //t.co/E5A2UC6Ezs
n,@ GaryMarcus I ask chatGPT to construct a 17-word sentence with the word `` somnolent '' and it always get the number of word wrong . It 's like a person that have ton of stencil that have fool everyone into think it 's an artist .
l,"@ BrandonLive @ GergelyOrosz ‚Äú help ‚Äù be accessible from right inside the app . Also , just to check for myself , I do a quick Google search ‚Äú ChatGPT opt out ‚Äù and this come up : http : //t.co/Vgz0UmXAz2"
n,Already notice integration of chatgpt midjourney and other apps in your daily environment ? It 's such a hot topic nowadays . Keep those eye open . # chatgpt4 # midjourney # aiintegration
p,Peter Schiff Applauds ChatGPT for Not Recommending Bitcoin Investments http : //t.co/lEPofAjXUq
p,@ DThompsonDev http : //t.co/g89a4ffVuO an iOS App that let ‚Äô s you call # ChatGPT and # gpt_4 from any textbox in any app !
l,The Significance of # DataProtection and # Privacy in # AI : An Industry Expert ‚Äô s Perspective on ChatGPT and Beyond http : //t.co/53FMBVd2O0
n,Please inform your team to use discretion or consult with someone when use ChatGPT http : //t.co/0LP6LTwavq
p,"@ JapaneseCrypto With $ GPT4 , you can be part of the future of # crypto . With it incredible utility and potential , it 's the perfect investment for anyone look to stay ahead of the curve . And with it locked liquidity and renounce contract , you can invest with confidence . Join now @ GPT4ERC http : //t.co/K5A6F5I4sE"
n,"ChatGPT can not stylize matrix . Well , that 's a bad thing . I wo n't be able to handle linear algebra alone ..."
l,@ Dan_Jeffries1 Very true . This demo rely on multiple layer of LLMs work with unstructured data . Transcript ‚Üí Sections ‚Üí Chunks + Metadata ‚Üí Search API ‚Üí ChatGPT ‚Üí Text response
p,"I find it fascinate that ChatGPT can write , understand and even debug in any computer language . ChatGPT might be a fantastic tool for computer scientist , as helpful a framework in the near future . Check out more in the following article . http : //t.co/tDxn9QgI5z http : //t.co/2ZIgArY4NL"
p,"http : //t.co/WTuyL6VszG ‚Äº First To Market Hard-Coded AI App That Lets You Launch Your Very Own ‚Äú # ChatGPT-like ‚Äù AI Chatbot , And Charge People For Using It ... http : //t.co/WTuyL6VszG ‚Äº First To Market Hard-Coded AI App That Lets You Launch Your Very Own ‚Äú ChatGPT-like ‚Äù AI # Chatbot http : //t.co/jR81GrWI4Q"
n,ChatGPT be make up fake Guardian article . Here ‚Äô s how we ‚Äô re respond | Chris Moran http : //t.co/b7Ew5bDDrH
p,Peter Schiffs Lauds ChatGPT For Recommending Gold Over Bitcoin http : //t.co/bSAeBr2wLb
l,"@ DalrympleWill With the advent of ChatGPT , and it rival , this problem may be resolve in a very near future ."
n,Cromier : important reminder of what ChatGPT cost http : //t.co/C5u9TiD7sP . # OER23
n,Defamed by ChatGPT http : //t.co/snxDKU1PnU 151
l,People need to realize that Layer 1 be like operate system . Everyone can build on top of them . And to get recognition you must work hard for quality of your dapps . Just like how ChatGPT get Microsoft 's attention ( and funding ) .
p,"http : //t.co/WTuyL6VszG ‚Äº First To Market Hard-Coded AI App That Lets You Launch Your Very Own ‚Äú # ChatGPT-like ‚Äù AI Chatbot , And Charge People For Using It ... http : //t.co/WTuyL6VszG ‚Äº First To Market Hard-Coded AI App That Lets You Launch Your Very Own ‚Äú ChatGPT-like ‚Äù AI # Chatbot http : //t.co/HLOvqINdWf"
p,# mecfs ( and maybe also relevant for # longcovid ) I ask # chatGPT how public health could be improve to help those with mecfs‚Ä¶ ... and the answer be pretty accurate . http : //t.co/Ek6cM6KEsX
p,@ ClaireSilver12 Made my own GPT 4 desktop assistant today with the help of GPT4 üòÇ It 's get context on me everything I do and you can press a button to talk to it and it talk back . First time cod any sort of app
p,"MECP be commit to advance cutting-edge technology such a blockchain and artificial intelligence , provide support and platform for future technological innovation . Through innovation , collaboration , and sharing , a good future can be create for humanity . # ChatGPT http : //t.co/ql0xxGOS0e"
