chatgpt,431
to,334
the,302
and,253
a,227
of,191
for,140
ai,132
it,126
is,125
i,124
you,108
in,103
with,101
on,98
that,86
this,73
can,62
your,60
be,56
an,51
by,45
as,43
how,43
use,43
my,41
but,41
have,39
not,39
what,38
just,38
are,37
me,34
will,33
about,33
using,31
has,30
up,30
more,29
or,28
now,28
do,26
first,25
if,25
from,25
very,24
new,24
we,24
data,23
was,23
write,23
so,23
ask,23
like,23
could,22
one,22
at,22
get,22
its,21
all,21
been,21
out,21
used,21
over,20
no,20
future,19
would,18
chatbot,17
learn,17
other,17
see,17
their,17
prompt,16
into,16
good,16
way,16
here,16
own,16
any,15
which,15
asked,15
help,15
google,15
app,15
only,15
make,14
had,14
some,14
content,14
they,14
api,14
think,13
know,13
openai,13
does,13
them,13
amp,13
even,13
ban,12
people,12
because,12
still,12
should,12
want,12
text,12
next,12
chat,11
world,11
model,11
than,11
there,11
much,11
many,11
after,11
privacy,11
really,11
code,11
questions,11
article,11
too,11
such,11
find,11
when,10
take,10
then,10
news,10
language,10
need,10
work,10
also,10
time,10
create,10
technology,10
give,10
market,10
answer,9
launch,9
thread,9
part,9
better,9
most,9
same,9
another,9
search,9
check,9
context,9
always,9
users,8
generate,8
potential,8
day,8
different,8
our,8
learning,8
artificialintelligence,8
midjourney,8
intelligence,8
through,8
years,8
via,8
who,8
being,8
say,8
her,8
lets,8
question,7
did,7
words,7
able,7
full,7
canva,7
plus,7
writing,7
while,7
high,7
prompts,7
going,7
free,7
love,7
again,7
models,7
improve,7
us,7
course,7
build,7
business,7
thing,7
made,7
etc,7
fun,7
become,7
twitter,7
mean,7
he,7
where,7
lot,7
artificial,7
idea,7
great,7
everyone,7
response,7
point,7
information,7
those,7
countries,7
well,7
back,7
link,6
tool,6
follow,6
concerns,6
media,6
pro,6
bot,6
book,6
country,6
saved,6
must,6
interesting,6
conversation,6
were,6
productivity,6
right,6
assistant,6
impact,6
open,6
anything,6
actually,6
powered,6
based,6
why,6
top,6
ideas,6
little,6
gpt,6
human,6
italy,6
read,6
tech,6
everything,6
yet,6
coming,6
since,6
life,6
facts,6
understand,6
seems,6
two,6
got,6
charge,6
train,5
money,5
show,5
bartleby,5
youtube,5
innovation,5
hours,5
example,5
copy,5
put,5
knows,5
stock,5
issues,5
bard,5
tools,5
test,5
results,5
takes,5
side,5
provide,5
level,5
sure,5
coding,5
image,5
might,5
today,5
post,5
daily,5
marketing,5
jobs,5
library,5
these,5
social,5
real,5
trained,5
capabilities,5
seo,5
program,5
legal,5
tweet,5
working,5
less,5
long,5
becomes,5
keep,5
apps,5
llm,5
start,5
call,5
calls,5
uses,5
reason,5
ways,5
kind,5
making,5
add,4
easy,4
plagiarism,4
security,4
powerful,4
students,4
beginning,4
gold,4
topics,4
created,4
pay,4
says,4
development,4
notion,4
database,4
tags,4
useful,4
fake,4
showing,4
each,4
low,4
script,4
below,4
within,4
including,4
though,4
look,4
generative,4
shit,4
page,4
protection,4
smart,4
five,4
growth,4
reading,4
recent,4
problem,4
his,4
digital,4
creating,4
come,4
training,4
possible,4
lol,4
things,4
matter,4
gave,4
thinking,4
best,4
approach,4
set,4
game,4
thanks,4
platform,4
replace,4
generation,4
chatbots,4
conversational,4
explore,4
output,4
generated,4
may,4
against,4
gun,4
anyone,4
left,4
week,4
latest,4
watch,4
entire,4
process,4
share,4
ever,4
am,4
every,4
go,4
trying,4
click,4
unlock,4
concepts,4
italian,4
leverage,4
hugginggpt,4
thought,4
bro,4
conversations,4
western,4
end,4
both,4
technologies,4
helpful,4
case,4
already,4
workflow,4
support,4
email,4
llms,4
multiple,4
short,4
transcript,4
whole,4
solve,4
job,4
minutes,3
let,3
tomorrow,3
academic,3
came,3
adding,3
before,3
grammarly,3
spotify,3
quillbot,3
picsart,3
viu,3
ph,3
coursehero,3
chegg,3
scribd,3
plugin,3
report,3
maybe,3
hey,3
package,3
waiting,3
arrived,3
appreciation,3
excited,3
hand,3
amazon,3
fba,3
enjoy,3
bundle,3
awesome,3
yes,3
seen,3
near,3
pygmalion,3
bit,3
analyze,3
college,3
year,3
humans,3
solution,3
translation,3
live,3
gdpr,3
pretty,3
solved,3
soon,3
developer,3
advanced,3
examples,3
dialogue,3
between,3
creative,3
bug,3
answers,3
samsung,3
sales,3
others,3
dan,3
together,3
went,3
creation,3
deliver,3
version,3
true,3
man,3
exciting,3
imagine,3
higher,3
helps,3
environment,3
either,3
without,3
sentence,3
kill,3
engine,3
existing,3
scared,3
comprehensive,3
microsoft,3
service,3
refine,3
info,3
checker,3
growing,3
happen,3
categories,3
ten,3
blockchain,3
guide,3
bad,3
probably,3
original,3
looking,3
guys,3
podcast,3
valuable,3
blog,3
c,3
having,3
focus,3
seem,3
until,3
cybersecurity,3
commissioner,3
polite,3
practical,3
sort,3
called,3
startups,3
found,3
attention,3
validation,3
needs,3
tips,3
please,3
account,3
client,3
brilliant,3
access,3
send,3
stop,3
control,3
gets,3
saying,3
investment,3
following,3
video,3
dumb,3
doing,3
benefit,3
snippet,3
started,3
perfect,3
challenges,3
becoming,3
documentation,3
feature,3
argue,3
ml,3
productive,3
team,3
knowledge,3
articles,3
vs,3
never,3
u,3
session,3
letter,3
user,3
whether,3
accurate,3
myself,3
file,3
responses,3
docs,3
easier,3
crypto,3
manage,3
wrote,3
down,3
products,3
experience,3
fed,3
lost,3
she,3
student,3
travel,3
major,3
improved,3
github,3
talk,3
price,3
presentation,3
false,3
instead,3
innocent,3
jarvis,3
source,3
big,3
taking,3
computer,3
intelligent,2
simply,2
document,2
detection,2
protect,2
lack,2
important,2
reminder,2
tried,2
extremely,2
greatly,2
rewrite,2
class,2
vast,2
premium,2
netflix,2
lifetime,2
iwant,2
tfc,2
disney,2
turnitin,2
discord,2
topic,2
couple,2
added,2
outline,2
least,2
someday,2
roles,2
role,2
engineers,2
rise,2
usd,2
consumes,2
corp,2
australia,2
ceo,2
something,2
amazing,2
include,2
websites,2
weird,2
apple,2
bing,2
reality,2
mind,2
shows,2
dangerous,2
therapy,2
seriously,2
longer,2
skynet,2
study,2
embrace,2
present,2
ooo,2
rich,2
means,2
abilities,2
governance,2
finally,2
premises,2
failed,2
compliance,2
banned,2
cases,2
figure,2
place,2
wanna,2
sound,2
talking,2
morning,2
around,2
building,2
recipe,2
payment,2
titles,2
confirms,2
mint,2
searches,2
recently,2
gone,2
last,2
months,2
intuitive,2
gives,2
integration,2
artificalintelligence,2
repos,2
lots,2
elonmusk,2
tesla,2
save,2
effort,2
engaging,2
informative,2
wait,2
gonna,2
trainer,2
possibly,2
claims,2
interacted,2
change,2
cant,2
idk,2
massive,2
documents,2
sources,2
local,2
helped,2
projects,2
grow,2
scale,2
operated,2
large,2
degree,2
beauty,2
writes,2
step,2
challenge,2
completely,2
transform,2
age,2
music,2
possibilities,2
friend,2
community,2
heart,2
turn,2
admit,2
off,2
customer,2
costs,2
ready,2
deep,2
difficulties,2
anyway,2
convince,2
elon,2
regulations,2
unless,2
effect,2
ability,2
millions,2
plugins,2
serve,2
repository,2
guess,2
finding,2
interested,2
wondering,2
avoid,2
resembles,2
act,2
helping,2
creativity,2
require,2
windows,2
wants,2
few,2
seconds,2
danger,2
enough,2
quickly,2
cool,2
journalism,2
value,2
x,2
considering,2
due,2
seeking,2
newsletter,2
personal,2
flaws,2
brings,2
magic,2
public,2
banning,2
gain,2
actual,2
reminders,2
order,2
invested,2
endless,2
covered,2
courses,2
designed,2
greatest,2
kids,2
hugging,2
face,2
prompting,2
eyebrow,2
raising,2
ethics,2
law,2
construct,2
error,2
follows,2
stuff,2
bitch,2
works,2
faster,2
teacher,2
insightful,2
planning,2
break,2
instances,2
became,2
inside,2
clients,2
folks,2
implement,2
web,2
webdevelopment,2
although,2
programming,2
getting,2
slides,2
asking,2
saw,2
random,2
interactions,2
summarization,2
enhance,2
starting,2
sense,2
especially,2
keeps,2
developed,2
leading,2
research,2
john,2
discovered,2
tip,2
protein,2
activity,2
speed,2
developing,2
incredible,2
diffusion,2
offers,2
introduction,2
embracing,2
meant,2
discuss,2
engage,2
implications,2
meet,2
cody,2
firms,2
correct,2
signed,2
fact,2
try,2
living,2
offer,2
furby,2
silly,2
cat,2
contract,2
decision,2
dataprotection,2
trust,2
convert,2
workshop,2
selection,2
templates,2
quicker,2
complex,2
limit,2
truly,2
difference,2
main,2
apis,2
w,2
invest,2
funding,2
campaigns,2
dao,2
entry,2
note,2
scary,2
bias,2
outputs,2
stay,2
written,2
complete,2
perhaps,2
sue,2
run,2
system,2
brain,2
star,2
trek,2
galaxy,2
episode,2
certainly,2
software,2
food,2
maker,2
behind,2
updates,2
expedia,2
recommendations,2
plans,2
literally,2
simple,2
discover,2
parameters,2
celebrate,2
word,2
waste,2
talks,2
rather,2
expected,2
eps,2
decline,2
revenue,2
analysis,2
speculation,2
compared,2
launches,2
aibreakfast,2
requests,2
expert,2
threatened,2
defamation,2
tested,2
teachers,2
flagged,2
isnotit,2
advent,2
autonomous,2
bloomberggpt,2
number,2
explained,2
makes,2
sounds,2
falsely,2
claiming,2
month,2
done,2
convincing,2
extension,2
wrong,2
absolutely,2
tho,2
domain,2
given,2
dangpt,2
stripe,2
accessible,2
notes,2
cannot,2
contracts,2
online,2
floor,2
risks,2
someone,2
laptop,2
repl,2
ide,2
notebook,2
keeping,2
recommending,2
bitcoin,2
website,1
chatbase,1
upload,1
widget,1
detector,1
introduce,1
hoping,1
integrity,1
speedy,1
academics,1
worried,1
piece,1
liamhknox,1
insidehighered,1
footsteps,1
blocking,1
readmorehere,1
astonishingly,1
somewhat,1
brittle,1
emphasis,1
hyperbolic,1
superbly,1
genesis,1
bible,1
strip,1
wokeness,1
outcome,1
literacy,1
universe,1
existence,1
expanse,1
celestial,1
bodies,1
cosmic,1
energy,1
accounts,1
warranty,1
nhjkh,1
list,1
addressed,1
suggest,1
missed,1
integrate,1
mental,1
generatevalidcode,1
unabletoexecute,1
salaries,1
emerged,1
annual,1
salary,1
according,1
bloomberg,1
openaichatgpt,1
consensus,1
ia,1
art,1
promptengineering,1
smallbusiness,1
busted,1
strapping,1
bag,1
flour,1
midsection,1
simulate,1
hardships,1
pregnancy,1
hotness,1
randomly,1
starts,1
crying,1
sending,1
poop,1
emojis,1
nice,1
super,1
generic,1
quotes,1
contain,1
individualistic,1
identities,1
grew,1
tired,1
jumping,1
tos,1
stocks,1
watchlist,1
green,1
red,1
repair,1
roof,1
yo,1
alternatives,1
kobold,1
restrictive,1
rping,1
careful,1
unrestricted,1
nsfw,1
sustainable,1
habits,1
master,1
thinker,1
tinybirdco,1
surprised,1
invents,1
worked,1
scripts,1
acting,1
stopped,1
requiring,1
covid,1
era,1
pre,1
existed,1
knew,1
essay,1
curiosity,1
unaligned,1
replaced,1
doctors,1
duty,1
prevent,1
harm,1
promote,1
healthy,1
standards,1
indicate,1
toxicly,1
masculine,1
levels,1
hormones,1
estrogen,1
begin,1
immediately,1
drone,1
dispatched,1
welcome,1
overlords,1
optional,1
essential,1
winning,1
letsconnect,1
notable,1
systems,1
situation,1
nna,1
ara,1
agbala,1
shill,1
dismiss,1
happier,1
small,1
headstart,1
introduced,1
dev,1
kapa,1
moonbeam,1
partners,1
mantanetwork,1
once,1
justified,1
child,1
technically,1
european,1
anybody,1
court,1
extract,1
defendants,1
charges,1
location,1
crime,1
took,1
guru,1
water,1
cooler,1
drop,1
trend,1
commenting,1
gameplay,1
elevate,1
speculate,1
curious,1
importantly,1
sand,1
castles,1
concrete,1
monday,1
teamwork,1
substack,1
includes,1
tarot,1
affirmation,1
spell,1
jar,1
dailyhoroscope,1
horoscope,1
tarotreading,1
witchcraft,1
leaked,1
declined,1
quantity,1
significantly,1
stack,1
overflow,1
dark,1
trade,1
secret,1
leaks,1
boost,1
conversions,1
persuasive,1
materials,1
sale,1
blue,1
chatgpt账号,1
twitterblue,1
chatgpt免翻搭建,1
worry,1
employment,1
predict,1
lives,1
standout,1
forum,1
guides,1
supportive,1
partner,1
conditions,1
flag,1
spammy,1
dynamic,1
rescue,1
rewording,1
condition,1
businessman,1
venture,1
spacex,1
singing,1
praises,1
blogs,1
channels,1
attract,1
retain,1
audiences,1
company,1
dci,1
air,1
liquid,1
filter,1
manufacturer,1
engines,1
heavy,1
industrials,1
investor,1
tuesday,1
shoehorn,1
design,1
lab,1
skillciti,1
intriguing,1
aaronsloman,1
researcher,1
infamous,1
illusion,1
simulation,1
characters,1
lore,1
pick,1
needheeeelp,1
anytown,1
gazette,1
newspaper,1
archives,1
collection,1
whatever,1
hands,1
devops,1
manual,1
steps,1
chatgptexplained,1
sgtv,1
agency,1
streamlit,1
kotlin,1
tutor,1
neutral,1
andrew,1
tate,1
self,1
replicating,1
oil,1
pumps,1
microsofts,1
africa,1
interestingly,1
truthfulqa,1
scores,1
ais,1
woke,1
omitted,1
truthful,1
icons,1
purple,1
remember,1
promoted,1
universities,1
terrible,1
debugg,1
dump,1
fix,1
paulinenjoroge,1
substantive,1
depressed,1
prose,1
novel,1
rewrote,1
granted,1
crafts,1
clever,1
owned,1
demonstrating,1
space,1
wanted,1
definitely,1
chihard,1
hearing,1
snig,1
introducing,1
revolutionary,1
decentralized,1
ride,1
detailed,1
hahah,1
optimization,1
machinelearning,1
datascience,1
trending,1
identified,1
digested,1
granola,1
rss,1
ramsey,1
elbasheer,1
teenagers,1
school,1
bitsbitsbirch,1
albums,1
reviews,1
forever,1
changed,1
theeconomist,1
meets,1
abt,1
foe,1
storytelling,1
miserable,1
wikipedia,1
eswikipedia,1
administrators,1
exist,1
anonymous,1
power,1
initiatives,1
dataarchiving,1
idc,1
wish,1
creatives,1
losing,1
goldman,1
sachs,1
million,1
affected,1
developers,1
exponentially,1
switch,1
bank,1
governor,1
politico,1
throwing,1
fit,1
deputy,1
prime,1
calling,1
disproportionate,1
hypocritical,1
oops,1
expect,1
chatgptban,1
comparing,1
automation,1
googlebard,1
reduce,1
operational,1
agents,1
dropping,1
hints,1
further,1
integrating,1
ultimate,1
enthusiasts,1
scholars,1
alike,1
delves,1
python,1
dsirp,1
nyororov,1
chillart,1
gerfeaice,1
china,1
faced,1
n,1
stupid,1
gov,1
blocked,1
seemingly,1
impossible,1
depth,1
specificity,1
readers,1
guns,1
production,1
ownership,1
shoot,1
instructed,1
zenithswap,1
launched,1
marketcap,1
dex,1
reimagining,1
defi,1
yield,1
farming,1
arb,1
zsp,1
arbitrum,1
worthless,1
internet,1
offense,1
observation,1
tutorial,1
reminded,1
except,1
body,1
corridordigital,1
fireside,1
discussing,1
industries,1
corridor,1
examines,1
accurately,1
assess,1
complexity,1
canadian,1
bill,1
legalanalysis,1
onlinestreamingact,1
canadianpolitics,1
dust,1
safely,1
none,1
risk,1
sowing,1
inequalities,1
clip,1
vid,1
memes,1
programmers,1
stackoverflow,1
career,1
walk,1
solamimamis,1
infos,1
third,1
answered,1
announcement,1
rev,1
holders,1
ahahah,1
im,1
classmate,1
spire,1
appears,1
strictly,1
speech,1
apologizing,1
metaphysical,1
reasons,1
conjunction,1
cut,1
paste,1
practices,1
successful,1
implementation,1
mundane,1
enabling,1
serves,1
collaborator,1
term,1
memory,1
larger,1
workarounds,1
limitation,1
hacks,1
forget,1
matures,1
morganturinui,1
eddie,1
lead,1
wallabies,1
greatness,1
clone,1
realm,1
office,1
canada,1
investigating,1
violations,1
provided,1
draft,1
friendly,1
receiving,1
gates,1
leader,1
pausing,1
problematic,1
beat,1
akinator,1
impressive,1
nah,1
pen,1
bsfergen,1
rox,1
offf,1
posting,1
cohesive,1
kindly,1
phuuucckk,1
urself,1
apply,1
algo,1
authors,1
away,1
sink,1
ship,1
cry,1
bunny,1
verify,1
properly,1
businessinsider,1
tomaxwell,1
fair,1
y,1
sentiment,1
worrisome,1
german,1
impacts,1
brief,1
play,1
replacement,1
attentionseeking,1
socialmedia,1
causes,1
michaelshermer,1
leecronin,1
safe,1
merges,1
boston,1
dynamics,1
shares,1
combine,1
cacti,1
vivamax,1
acad,1
premiums,1
acc,1
quizlet,1
lf,1
bili,1
na,1
kayooooo,1
seller,1
legit,1
iphone,1
perplexity,1
provides,1
references,1
suggested,1
enquiry,1
duckduckgo,1
searchengineai,1
relations,1
practice,1
maryam,1
pr,1
continue,1
insult,1
scobleizer,1
unbridled,1
stepchange,1
dataanalysis,1
techniques,1
businesses,1
previously,1
hidden,1
insights,1
competitive,1
advantage,1
respective,1
markets,1
dataanalytics,1
cxdata,1
cx,1
memelyxyz,1
hotnews,1
viralvideo,1
memely,1
o,1
rizz,1
girl,1
apologies,1
suggestion,1
unleash,1
income,1
opportunities,1
aipal,1
airpal,1
bans,1
agent,1
deemed,1
bankingcrisis,1
felt,1
across,1
accounting,1
finance,1
professions,1
cpe,1
informed,1
lmao,1
e,1
mamba,1
meme,1
honest,1
jealous,1
giving,1
descriptive,1
assignments,1
weights,1
neccessary,1
vicuna,1
comparable,1
released,1
fronk,1
retweets,1
solana,1
wealth,1
investing,1
investingtips,1
financialgoals,1
education,1
familiar,1
fav,1
discoveries,1
basedaf,1
special,1
edition,1
isaiahmurtaugh,1
vcsschools,1
ss,1
decompressed,1
message,1
airborne,1
ebola,1
lying,1
chaptgpt,1
amreading,1
authorsoftwitter,1
sava,1
stars,1
streamline,1
focused,1
incorporating,1
lesson,1
xfactoredu,1
codebreaker,1
mammothedu,1
hit,1
snag,1
joke,1
serious,1
mins,1
lines,1
sometimes,1
moderated,1
intermediate,1
structures,1
input,1
framed,1
respond,1
percepts,1
interpreting,1
cognitively,1
emails,1
outreach,1
experiences,1
describe,1
functionality,1
tackling,1
review,1
normally,1
front,1
tune,1
textencoder,1
caption,1
pairs,1
wild,1
screenshot,1
preview,1
summarizing,1
nicely,1
genuinely,1
professor,1
thestrongchess,1
strongly,1
identical,1
feed,1
loving,1
recipes,1
dinner,1
cooking,1
egyptian,1
koshari,1
tonight,1
manners,1
sides,1
recap,1
brainstorming,1
debugging,1
supercharge,1
journey,1
allows,1
pdfs,1
lectures,1
wyeside,1
cultural,1
hysteresis,1
youth,1
entrepreneurship,1
heritage,1
realities,1
april,1
glad,1
survey,1
kudos,1
second,1
understood,1
assessing,1
telling,1
gummy,1
bears,1
workout,1
mood,1
threat,1
opportunity,1
experts,1
weigh,1
alot,1
organization,1
founded,1
group,1
luminaries,1
musk,1
sam,1
altman,1
greg,1
brockman,1
ilya,1
sutskever,1
schulman,1
wojciech,1
zaremba,1
driankellar,1
feel,1
iceberg,1
caroline,1
calloway,1
genbio,1
clean,1
predicts,1
proteins,1
predictive,1
immensely,1
phosphoproteomic,1
runway,1
stable,1
bee,1
llama,1
peak,1
beginners,1
companies,1
sign,1
businessinnovation,1
interviewed,1
wireditalia,1
sparked,1
dataprivacy,1
finish,1
bulk,1
designs,1
ozzylusth,1
specifically,1
trump,1
sorry,1
ill,1
substantiate,1
respectful,1
constructive,1
discussions,1
critical,1
evaluate,1
merits,1
rn,1
processes,1
base,1
hate,1
cousins,1
suffer,1
monotony,1
apparently,1
feeds,1
prepare,1
banking,1
internship,1
chatgptbot,1
citybureaucrat,1
sent,1
application,1
grad,1
december,1
texts,1
quite,1
three,1
days,1
wth,1
wondered,1
sparql,1
logic,1
kgs,1
closing,1
kg,1
gap,1
dean,1
allemang,1
beast,1
paying,1
steep,1
liao,1
mjnblack,1
tell,1
basically,1
thinks,1
bluejays,1
lineup,1
royals,1
com,1
marketers,1
funds,1
advance,1
machine,1
natural,1
along,1
brands,1
underestimating,1
resource,1
prog,1
lang,1
thats,1
beginner,1
basics,1
interactive,1
thousand,1
leaders,1
urging,1
pause,1
likely,1
visit,1
thisisinsider,1
looked,1
times,1
otherwise,1
rank,1
mtg,1
magicthegathering,1
decks,1
meta,1
holds,1
hii,1
ni,1
furbys,1
connect,1
directly,1
servers,1
benlesh,1
jokes,1
gosh,1
poll,1
decided,1
unique,1
visitors,1
thank,1
helper,1
key,1
oem,1
keys,1
errors,1
figuring,1
cardano,1
cardanonft,1
acidtoonz,1
smartcontract,1
lottery,1
regulators,1
poses,1
threats,1
investigations,1
agree,1
para,1
organizar,1
las,1
date,1
hockey,1
imho,1
stockfish,1
pawns,1
theaiinsider,1
promptengineer,1
university,1
conducted,1
far,1
positively,1
known,1
absence,1
assume,1
apa,1
reel,1
connections,1
networking,1
mutation,1
heyitsalexsu,1
seriousness,1
preparing,1
disrupt,1
appellate,1
p,1
gassing,1
confess,1
accelerate,1
mostly,1
usual,1
tedious,1
modify,1
iterate,1
hitting,1
destructive,1
chatting,1
sweet,1
treat,1
positive,1
yourself,1
virtualassistant,1
useless,1
sentience,1
critics,1
hinder,1
supporters,1
necessary,1
ensure,1
privacymatters,1
lengthy,1
summarize,1
points,1
flawless,1
official,1
germany,1
friends,1
comedy,1
sketch,1
perform,1
blind,1
selling,1
subscription,1
vcs,1
burned,1
pitching,1
technical,1
dd,1
almost,1
ft,1
pycoach,1
likes,1
comment,1
regulatory,1
wired,1
personalized,1
managers,1
adjust,1
deliverables,1
kickstart,1
trick,1
lifterlms,1
lessons,1
catch,1
wednesday,1
consolidation,1
competition,1
features,1
native,1
newer,1
explosions,1
lower,1
bars,1
room,1
compete,1
cyclical,1
suicide,1
af,1
realistic,1
audio,1
mimic,1
abuse,1
fraud,1
series,1
presenting,1
evomusart,1
rizzanthan,1
gt,1
fool,1
walked,1
weakly,1
efficient,1
imnoah,1
predicting,1
increase,1
demand,1
demands,1
